[
    {
        "pk": 60077,
        "model": "timetable.myuser",
        "fields": {
            "first_name": "David",
            "last_name": "Hauweele",
            "is_active": false,
            "is_superuser": false,
            "last_login": "2014-03-04T14:21:28.411Z",
            "groups": [],
            "user_permissions": [],
            "is_admin": false,
            "password": "pbkdf2_sha256$12000$QQGOOuJosjip$qOt6Os0b58bNIHR1P7XPTigymA8hmloxDg6AwEaA1To=",
            "email": "",
            "date_joined": "2014-03-04T14:21:28.411Z"
        }
    },
    {
        "pk": 70160,
        "model": "timetable.myuser",
        "fields": {
            "first_name": "J\u00e9r\u00e9my",
            "last_name": "Poncelet",
            "is_active": false,
            "is_superuser": false,
            "last_login": "2014-03-04T14:22:49.122Z",
            "groups": [],
            "user_permissions": [],
            "is_admin": false,
            "password": "pbkdf2_sha256$12000$dfNKs145Y39z$KEkq2XHvPH210Xp9ULori/F9VXhdTkVUXx4TwfMQjp8=",
            "email": "",
            "date_joined": "2014-03-04T14:22:49.122Z"
        }
    },
    {
        "pk": 80071,
        "model": "timetable.myuser",
        "fields": {
            "first_name": "Xavier",
            "last_name": "Deschuyteneer",
            "is_active": false,
            "is_superuser": false,
            "last_login": "2014-03-04T14:21:13.257Z",
            "groups": [],
            "user_permissions": [],
            "is_admin": false,
            "password": "pbkdf2_sha256$12000$zPvIyDadRq36$YqDHYD8Tbti/5T3/NpzsRYGTE8HW0BGmajK+Iwws+sk=",
            "email": "",
            "date_joined": "2014-03-04T14:21:13.257Z"
        }
    },
    {
        "pk": 80086,
        "model": "timetable.myuser",
        "fields": {
            "first_name": "Quentin",
            "last_name": "Loos",
            "is_active": true,
            "is_superuser": true,
            "last_login": "2014-04-01T12:44:03.598Z",
            "groups": [],
            "user_permissions": [],
            "is_admin": true,
            "password": "pbkdf2_sha256$12000$ZbicnlYCZwkd$3gVQ3nislIj2gsrGZ4g15+Uwyqrb55LVepDItqib5+U=",
            "email": "",
            "date_joined": "2014-03-04T13:57:30.052Z"
        }
    },
    {
        "pk": 80179,
        "model": "timetable.myuser",
        "fields": {
            "first_name": "Hugo",
            "last_name": "Allard",
            "is_active": false,
            "is_superuser": false,
            "last_login": "2014-03-04T14:11:29.244Z",
            "groups": [],
            "user_permissions": [],
            "is_admin": false,
            "password": "pbkdf2_sha256$12000$9uTHWosw7yaN$K9NqgjNz9Hz6P8637BOsOhR96cze2IcN0OERCg1mD24=",
            "email": "",
            "date_joined": "2014-03-04T14:11:29.244Z"
        }
    },
    {
        "pk": 80222,
        "model": "timetable.myuser",
        "fields": {
            "first_name": "Alexandre",
            "last_name": "Devaux",
            "is_active": true,
            "is_superuser": true,
            "last_login": "2014-03-04T14:22:30.383Z",
            "groups": [],
            "user_permissions": [],
            "is_admin": true,
            "password": "pbkdf2_sha256$12000$d5CFsROwL2b8$EFpw0XiItZ+1h0nClnN64EQ7cQz7iNaJigE7Usy6znA=",
            "email": "",
            "date_joined": "2014-03-04T14:22:30.383Z"
        }
    },
    {
        "pk": 80281,
        "model": "timetable.myuser",
        "fields": {
            "first_name": "Flavien",
            "last_name": "Dereume-Hancart",
            "is_active": false,
            "is_superuser": false,
            "last_login": "2014-03-04T14:22:06.914Z",
            "groups": [],
            "user_permissions": [],
            "is_admin": false,
            "password": "pbkdf2_sha256$12000$dRIBenAEz3Vg$MUSfwgxfXSmHRlIrw6JqA0OE++VJ7qumKhyG24ajBgI=",
            "email": "",
            "date_joined": "2014-03-04T14:22:06.914Z"
        }
    },
    {
        "pk": 80850,
        "model": "timetable.myuser",
        "fields": {
            "first_name": "Patrick",
            "last_name": "Demeire",
            "is_active": false,
            "is_superuser": false,
            "last_login": "2014-03-04T14:23:17.797Z",
            "groups": [],
            "user_permissions": [],
            "is_admin": false,
            "password": "pbkdf2_sha256$12000$K7OHM75WmioD$5RrKMn13jZTzfygxG0s5YdKQD+VJo6/pRanU/FUIS6c=",
            "email": "",
            "date_joined": "2014-03-04T14:23:17.797Z"
        }
    },
    {
        "pk": 81408,
        "model": "timetable.myuser",
        "fields": {
            "first_name": "J\u00e9r\u00f4me",
            "last_name": "Dauge",
            "is_active": true,
            "is_superuser": true,
            "last_login": "2014-03-04T14:07:04.405Z",
            "groups": [],
            "user_permissions": [],
            "is_admin": true,
            "password": "pbkdf2_sha256$12000$WOJVWjmBmPUf$fvBhu5frutFJ+qvAP0z/m/NilAi1SjGxzgguQTkOSBM=",
            "email": "",
            "date_joined": "2014-03-04T13:58:12.962Z"
        }
    },
    {
        "pk": 99031,
        "model": "timetable.myuser",
        "fields": {
            "first_name": "Nicolas",
            "last_name": "Decruyenaere",
            "is_active": false,
            "is_superuser": false,
            "last_login": "2014-03-04T14:12:46.406Z",
            "groups": [],
            "user_permissions": [],
            "is_admin": false,
            "password": "pbkdf2_sha256$12000$rJ6np0bgt0Zw$ejC1rYvXoKzJj3KQ4BYYF3Yagp79uC0WZE6N+mLtQB8=",
            "email": "",
            "date_joined": "2014-03-04T14:12:46.406Z"
        }
    },
    {
        "pk": 100410,
        "model": "timetable.myuser",
        "fields": {
            "first_name": "Jeffrey",
            "last_name": "Bourleau",
            "is_active": false,
            "is_superuser": false,
            "last_login": "2014-03-04T14:12:16.746Z",
            "groups": [],
            "user_permissions": [],
            "is_admin": false,
            "password": "pbkdf2_sha256$12000$4QZTGQM6nyhU$ELsgDr+ryScf1DbB648aAo8o1VLCwytKOpVPem8ZmJs=",
            "email": "",
            "date_joined": "2014-03-04T14:12:16.746Z"
        }
    },
    {
        "pk": 100456,
        "model": "timetable.myuser",
        "fields": {
            "first_name": "Timur",
            "last_name": "Yarol",
            "is_active": false,
            "is_superuser": false,
            "last_login": "2014-03-04T14:24:28.548Z",
            "groups": [],
            "user_permissions": [],
            "is_admin": false,
            "password": "pbkdf2_sha256$12000$FiiXCHFitItV$WRXVYUzEu0UCD/OaVXUefoTHQJx9PLR84WCy13hBdl4=",
            "email": "",
            "date_joined": "2014-03-04T14:24:28.548Z"
        }
    },
    {
        "pk": 101008,
        "model": "timetable.myuser",
        "fields": {
            "first_name": "Jonathan",
            "last_name": "Schoreels",
            "is_active": false,
            "is_superuser": false,
            "last_login": "2014-03-04T14:21:45.790Z",
            "groups": [],
            "user_permissions": [],
            "is_admin": false,
            "password": "pbkdf2_sha256$12000$gdvYYVTdQX6r$AJj4kvnQKh8MWENimDIA6B6Caih13hwJTg/u/KW7gIM=",
            "email": "",
            "date_joined": "2014-03-04T14:21:45.790Z"
        }
    },
    {
        "pk": 101244,
        "model": "timetable.myuser",
        "fields": {
            "first_name": "Florent",
            "last_name": "Barraco",
            "is_active": false,
            "is_superuser": false,
            "last_login": "2014-03-04T14:23:04.041Z",
            "groups": [],
            "user_permissions": [],
            "is_admin": false,
            "password": "pbkdf2_sha256$12000$6QPYukK1SjOA$XPihui5S8pVEZxNGS0Kcrqkvb+oCVVEajhqEGP0X57c=",
            "email": "",
            "date_joined": "2014-03-04T14:23:04.041Z"
        }
    },
    {
        "pk": 110093,
        "model": "timetable.myuser",
        "fields": {
            "first_name": "Jeremy",
            "last_name": "Dubrulle",
            "is_active": false,
            "is_superuser": false,
            "last_login": "2014-03-04T14:13:18.962Z",
            "groups": [],
            "user_permissions": [],
            "is_admin": false,
            "password": "pbkdf2_sha256$12000$vBrfNTTi0PV0$stIpBRjY+CMI3Vdkvt9odTTaIPWHhLVcjngIxxH/9CA=",
            "email": "",
            "date_joined": "2014-03-04T14:13:18.962Z"
        }
    },
    {
        "pk": 110536,
        "model": "timetable.myuser",
        "fields": {
            "first_name": "Alexandre",
            "last_name": "Lebrun",
            "is_active": false,
            "is_superuser": false,
            "last_login": "2014-03-04T14:23:56.979Z",
            "groups": [],
            "user_permissions": [],
            "is_admin": false,
            "password": "pbkdf2_sha256$12000$BP0Y5V221KUI$HXVcjD3/CQ1Hn9SCW51vK/H3QbTzXW9YYjE5CHHFFNs=",
            "email": "",
            "date_joined": "2014-03-04T14:23:56.979Z"
        }
    },
    {
        "pk": 110548,
        "model": "timetable.myuser",
        "fields": {
            "first_name": "Gauvain",
            "last_name": "Devillez",
            "is_active": false,
            "is_superuser": false,
            "last_login": "2014-03-04T14:11:00.633Z",
            "groups": [],
            "user_permissions": [],
            "is_admin": false,
            "password": "pbkdf2_sha256$12000$t5vIRrxuiYYB$ba4bhyPXLFNo+uLX2RyidlEcNRStw96qBl26xWm5ENk=",
            "email": "",
            "date_joined": "2014-03-04T14:11:00.633Z"
        }
    },
    {
        "pk": 110787,
        "model": "timetable.myuser",
        "fields": {
            "first_name": "Beno\u00eet",
            "last_name": "Hofbauer",
            "is_active": false,
            "is_superuser": false,
            "last_login": "2014-03-04T14:13:50.305Z",
            "groups": [],
            "user_permissions": [],
            "is_admin": false,
            "password": "pbkdf2_sha256$12000$H6jHHnYdjlnA$WwLdl+WahWr0lYPIsPREPmi+G36EyPSJ+CMJoZcVSkQ=",
            "email": "",
            "date_joined": "2014-03-04T14:13:50.305Z"
        }
    },
    {
        "pk": 111011,
        "model": "timetable.myuser",
        "fields": {
            "first_name": "Ga\u00ebl",
            "last_name": "Thouvenin",
            "is_active": false,
            "is_superuser": false,
            "last_login": "2014-03-04T14:14:55.342Z",
            "groups": [],
            "user_permissions": [],
            "is_admin": false,
            "password": "pbkdf2_sha256$12000$QyyD9EAgtx3A$cLEd7tK111vkYdMv1zAGgf8ih4090Mtn3sZDcffWRpo=",
            "email": "",
            "date_joined": "2014-03-04T14:14:55.342Z"
        }
    },
    {
        "pk": 111034,
        "model": "timetable.myuser",
        "fields": {
            "first_name": "Ihsene",
            "last_name": "Jemaiel",
            "is_active": false,
            "is_superuser": false,
            "last_login": "2014-03-04T14:18:09.773Z",
            "groups": [],
            "user_permissions": [],
            "is_admin": false,
            "password": "pbkdf2_sha256$12000$crpA5yunznHU$kqOgfaTv96oEs9UEMhPRxerJ6a3iI1/t5DPEkBIEHOc=",
            "email": "",
            "date_joined": "2014-03-04T14:18:09.773Z"
        }
    },
    {
        "pk": 111177,
        "model": "timetable.myuser",
        "fields": {
            "first_name": "Santorin",
            "last_name": "Ledru",
            "is_active": false,
            "is_superuser": false,
            "last_login": "2014-03-04T14:24:13.310Z",
            "groups": [],
            "user_permissions": [],
            "is_admin": false,
            "password": "pbkdf2_sha256$12000$VQwc2b8b2qYW$5kwyn5HH1MjEhbWRE7m04oxs+iZHF0kV37JLfGejd6c=",
            "email": "",
            "date_joined": "2014-03-04T14:24:13.310Z"
        }
    },
    {
        "pk": 111407,
        "model": "timetable.myuser",
        "fields": {
            "first_name": "Damien",
            "last_name": "Poulain",
            "is_active": false,
            "is_superuser": false,
            "last_login": "2014-03-04T14:20:05.941Z",
            "groups": [],
            "user_permissions": [],
            "is_admin": false,
            "password": "pbkdf2_sha256$12000$eCHNmMB70Mxo$nY1+SuPcKL9vji4PfULjRSgjZ1UVb1ntnyJfcXYhLTw=",
            "email": "",
            "date_joined": "2014-03-04T14:20:05.941Z"
        }
    },
    {
        "pk": 111425,
        "model": "timetable.myuser",
        "fields": {
            "first_name": "Laurent",
            "last_name": "Blondiau",
            "is_active": false,
            "is_superuser": false,
            "last_login": "2014-03-04T14:15:18.519Z",
            "groups": [],
            "user_permissions": [],
            "is_admin": false,
            "password": "pbkdf2_sha256$12000$FxSNZF4ojeNn$XPzml0f8ZItAN7h+WUFUNuW6Lr60d7QP3uskYwf4gT4=",
            "email": "",
            "date_joined": "2014-03-04T14:15:18.519Z"
        }
    },
    {
        "pk": 120020,
        "model": "timetable.myuser",
        "fields": {
            "first_name": "Adrien",
            "last_name": "Wyckhuys",
            "is_active": false,
            "is_superuser": false,
            "last_login": "2014-03-04T14:20:56.666Z",
            "groups": [],
            "user_permissions": [],
            "is_admin": false,
            "password": "pbkdf2_sha256$12000$vmrjIsoYlwXq$NDhLBC+yUP7Pvev8rfIO6lgp9tCfDuLi6dIgkXU4w2k=",
            "email": "",
            "date_joined": "2014-03-04T14:20:56.666Z"
        }
    },
    {
        "pk": 120290,
        "model": "timetable.myuser",
        "fields": {
            "first_name": "Dylan",
            "last_name": "Dumasy",
            "is_active": false,
            "is_superuser": false,
            "last_login": "2014-03-04T14:14:58.106Z",
            "groups": [],
            "user_permissions": [],
            "is_admin": false,
            "password": "pbkdf2_sha256$12000$dLOToDRjIZqW$jRitivE5WzFsOr/YJw/d3sYnES6p9TmpTyhGMaNGxZk=",
            "email": "",
            "date_joined": "2014-03-04T14:14:58.106Z"
        }
    },
    {
        "pk": 120367,
        "model": "timetable.myuser",
        "fields": {
            "first_name": "Cl\u00e9ment",
            "last_name": "Dufrasne",
            "is_active": false,
            "is_superuser": false,
            "last_login": "2014-03-04T14:14:48.606Z",
            "groups": [],
            "user_permissions": [],
            "is_admin": false,
            "password": "pbkdf2_sha256$12000$iLlFf2is5NEP$yR0VesSmvK7k/gTHbOoBv3+FPaRxyubMmgBnX+AmzMQ=",
            "email": "",
            "date_joined": "2014-03-04T14:14:48.606Z"
        }
    },
    {
        "pk": 120531,
        "model": "timetable.myuser",
        "fields": {
            "first_name": "Jannou",
            "last_name": "Brohee",
            "is_active": false,
            "is_superuser": false,
            "last_login": "2014-03-04T14:15:38.684Z",
            "groups": [],
            "user_permissions": [],
            "is_admin": false,
            "password": "pbkdf2_sha256$12000$BGNiYVhJnmib$EvD00pRom6PzFzYPJ5wgDDMRefcQHIDEl/ZfIY4d2SA=",
            "email": "",
            "date_joined": "2014-03-04T14:15:38.684Z"
        }
    },
    {
        "pk": 120678,
        "model": "timetable.myuser",
        "fields": {
            "first_name": "Adrien",
            "last_name": "Mahieu",
            "is_active": false,
            "is_superuser": false,
            "last_login": "2014-03-04T14:18:58.948Z",
            "groups": [],
            "user_permissions": [],
            "is_admin": false,
            "password": "pbkdf2_sha256$12000$AKADf3oGwvCa$XMgA+Ox/580+uiiUOGfguziqigJwbw9p+h/VujXIt64=",
            "email": "",
            "date_joined": "2014-03-04T14:18:58.948Z"
        }
    },
    {
        "pk": 120717,
        "model": "timetable.myuser",
        "fields": {
            "first_name": "Billal",
            "last_name": "Cominu",
            "is_active": false,
            "is_superuser": false,
            "last_login": "2014-03-04T14:16:09.232Z",
            "groups": [],
            "user_permissions": [],
            "is_admin": false,
            "password": "pbkdf2_sha256$12000$5unFpKg2um1v$d0MExe/4VOPFj6T2WEO+Qq/0eJHRaUJXVJG5FXB22+Q=",
            "email": "",
            "date_joined": "2014-03-04T14:16:09.232Z"
        }
    },
    {
        "pk": 121044,
        "model": "timetable.myuser",
        "fields": {
            "first_name": "Maxime",
            "last_name": "Franco",
            "is_active": false,
            "is_superuser": false,
            "last_login": "2014-03-04T14:15:15.787Z",
            "groups": [],
            "user_permissions": [],
            "is_admin": false,
            "password": "pbkdf2_sha256$12000$G1ToQCeaUyrv$uJ9zbyh9g4giq+3EiYEZ1ZSFS9mBx2OGgEmgjt5NmvQ=",
            "email": "",
            "date_joined": "2014-03-04T14:15:15.787Z"
        }
    },
    {
        "pk": 121559,
        "model": "timetable.myuser",
        "fields": {
            "first_name": "Ewen",
            "last_name": "Gallet",
            "is_active": false,
            "is_superuser": false,
            "last_login": "2014-03-04T14:17:33.584Z",
            "groups": [],
            "user_permissions": [],
            "is_admin": false,
            "password": "pbkdf2_sha256$12000$U4N83dNDSrk6$YOVet9DsfWxJaqTTLZE2e4cc7XJB4ckC6mX95kJY7/M=",
            "email": "",
            "date_joined": "2014-03-04T14:17:33.584Z"
        }
    },
    {
        "pk": 121568,
        "model": "timetable.myuser",
        "fields": {
            "first_name": "Maxime",
            "last_name": "Van Herzeele",
            "is_active": false,
            "is_superuser": false,
            "last_login": "2014-03-04T14:20:39.584Z",
            "groups": [],
            "user_permissions": [],
            "is_admin": false,
            "password": "pbkdf2_sha256$12000$3Z3LqTEKX2jU$1BeI81zzmY8pHIADTjWEjXlI3lqNlB98FyYP+Qk520s=",
            "email": "",
            "date_joined": "2014-03-04T14:20:39.584Z"
        }
    },
    {
        "pk": 121609,
        "model": "timetable.myuser",
        "fields": {
            "first_name": "Alexis",
            "last_name": "Lecocq",
            "is_active": false,
            "is_superuser": false,
            "last_login": "2014-03-04T14:17:58.102Z",
            "groups": [],
            "user_permissions": [],
            "is_admin": false,
            "password": "pbkdf2_sha256$12000$DnzVDUtUn6WA$rbxwTFtG2VRwkOdcYlZOeKRQN2Vi0nI57BtyJhnv1qQ=",
            "email": "",
            "date_joined": "2014-03-04T14:17:58.102Z"
        }
    },
    {
        "pk": 121615,
        "model": "timetable.myuser",
        "fields": {
            "first_name": "Alessandro",
            "last_name": "Giammello",
            "is_active": false,
            "is_superuser": false,
            "last_login": "2014-03-04T14:17:53.028Z",
            "groups": [],
            "user_permissions": [],
            "is_admin": false,
            "password": "pbkdf2_sha256$12000$ssItyep5C5pq$Qwx5HJlH4aDJq5qMD1jaxQ8Mzfn/j+6tR2Sj2ELJUk8=",
            "email": "",
            "date_joined": "2014-03-04T14:17:53.028Z"
        }
    },
    {
        "pk": 121935,
        "model": "timetable.myuser",
        "fields": {
            "first_name": "Zacharie",
            "last_name": "Tagne Kemgne Kamga",
            "is_active": false,
            "is_superuser": false,
            "last_login": "2014-03-04T14:14:39.050Z",
            "groups": [],
            "user_permissions": [],
            "is_admin": false,
            "password": "pbkdf2_sha256$12000$XW4dghMOD1Yn$gedHc4NreUC6Kyb3koK7IpjAgxqvGHoWdwTDBikZms8=",
            "email": "",
            "date_joined": "2014-03-04T14:14:39.051Z"
        }
    },
    {
        "pk": 121987,
        "model": "timetable.myuser",
        "fields": {
            "first_name": "Corrado",
            "last_name": "Lipani",
            "is_active": false,
            "is_superuser": false,
            "last_login": "2014-03-04T14:18:42.050Z",
            "groups": [],
            "user_permissions": [],
            "is_admin": false,
            "password": "pbkdf2_sha256$12000$2ACuFhDWuqnY$ZThfis8BHhLLOq4c/0Ckh7K3OPTvvhJ33r6IW99hCEo=",
            "email": "",
            "date_joined": "2014-03-04T14:18:42.050Z"
        }
    },
    {
        "pk": 122055,
        "model": "timetable.myuser",
        "fields": {
            "first_name": "Olivier-Pascal",
            "last_name": "Bakasanda Bipangu",
            "is_active": false,
            "is_superuser": false,
            "last_login": "2014-03-04T14:11:55.308Z",
            "groups": [],
            "user_permissions": [],
            "is_admin": false,
            "password": "pbkdf2_sha256$12000$ly4IBNU5ibSF$uk4wd6b1FFh60MOHEj2B3fQ9qw3wnC2RXzxUEOlDfAE=",
            "email": "",
            "date_joined": "2014-03-04T14:11:55.308Z"
        }
    },
    {
        "pk": 122075,
        "model": "timetable.myuser",
        "fields": {
            "first_name": "Elie-Michel",
            "last_name": "Nono Nouagong",
            "is_active": false,
            "is_superuser": false,
            "last_login": "2014-03-04T14:14:25.168Z",
            "groups": [],
            "user_permissions": [],
            "is_admin": false,
            "password": "pbkdf2_sha256$12000$lDnhreHUMNCy$z5OWnrcblS4r7v4CskhQ6quEHgBm/YjgRuqEbfhdCUw=",
            "email": "",
            "date_joined": "2014-03-04T14:14:25.168Z"
        }
    },
    {
        "pk": 122174,
        "model": "timetable.myuser",
        "fields": {
            "first_name": "Fabrice",
            "last_name": "Ndongmo Silatsa",
            "is_active": false,
            "is_superuser": false,
            "last_login": "2014-03-04T14:14:08.325Z",
            "groups": [],
            "user_permissions": [],
            "is_admin": false,
            "password": "pbkdf2_sha256$12000$5Fs1EbKBYtSw$0cbRN3wBCg7oicp1Nf5//kOwnjhsb21gDLqWBThWI5A=",
            "email": "",
            "date_joined": "2014-03-04T14:14:08.325Z"
        }
    },
    {
        "pk": 122267,
        "model": "timetable.myuser",
        "fields": {
            "first_name": "Franck",
            "last_name": "Cheuzem Zangue",
            "is_active": false,
            "is_superuser": false,
            "last_login": "2014-03-04T14:12:32.707Z",
            "groups": [],
            "user_permissions": [],
            "is_admin": false,
            "password": "pbkdf2_sha256$12000$l3KgKlro2YCV$2r2i1cMHdgj/Aj5ka8S2TbYnBFmZDA0LUV+niCO7c/A=",
            "email": "",
            "date_joined": "2014-03-04T14:12:32.707Z"
        }
    },
    {
        "pk": 130089,
        "model": "timetable.myuser",
        "fields": {
            "first_name": "Emilien",
            "last_name": "Peretti",
            "is_active": false,
            "is_superuser": false,
            "last_login": "2014-03-04T14:19:30.940Z",
            "groups": [],
            "user_permissions": [],
            "is_admin": false,
            "password": "pbkdf2_sha256$12000$W2M6I5BWrQnn$gRo8JpG8x/iVCpBK2816J+6wbL1o8+jN1Vf71m7qZM4=",
            "email": "",
            "date_joined": "2014-03-04T14:19:30.940Z"
        }
    },
    {
        "pk": 130104,
        "model": "timetable.myuser",
        "fields": {
            "first_name": "Nicolas",
            "last_name": "Potie",
            "is_active": false,
            "is_superuser": false,
            "last_login": "2014-03-04T14:19:45.266Z",
            "groups": [],
            "user_permissions": [],
            "is_admin": false,
            "password": "pbkdf2_sha256$12000$Wr4dIoepTfyE$VQRUYGAUczLv5A8NdAgqSUEDwsvsmT8ElXraRvdmLe8=",
            "email": "",
            "date_joined": "2014-03-04T14:19:45.266Z"
        }
    },
    {
        "pk": 130329,
        "model": "timetable.myuser",
        "fields": {
            "first_name": "Anthony",
            "last_name": "Rouneau",
            "is_active": false,
            "is_superuser": false,
            "last_login": "2014-03-04T14:20:22.966Z",
            "groups": [],
            "user_permissions": [],
            "is_admin": false,
            "password": "pbkdf2_sha256$12000$F5E5Gu3PT2Ja$Kdfe8cBG6yWY85Wug/7jONFAfgbwA5tKpvtq9mGO6is=",
            "email": "",
            "date_joined": "2014-03-04T14:20:22.966Z"
        }
    },
    {
        "pk": 130538,
        "model": "timetable.myuser",
        "fields": {
            "first_name": "Jason",
            "last_name": "Bury",
            "is_active": false,
            "is_superuser": false,
            "last_login": "2014-03-04T14:12:09.789Z",
            "groups": [],
            "user_permissions": [],
            "is_admin": false,
            "password": "pbkdf2_sha256$12000$YgNSNoFeVAm4$k/iPs8cVbU5fv8ycxXz90iF5ChmvegZOF0S7GUXbdCI=",
            "email": "",
            "date_joined": "2014-03-04T14:12:09.789Z"
        }
    },
    {
        "pk": 130649,
        "model": "timetable.myuser",
        "fields": {
            "first_name": "Beno\u00eet",
            "last_name": "Debled",
            "is_active": false,
            "is_superuser": false,
            "last_login": "2014-03-04T14:16:41.367Z",
            "groups": [],
            "user_permissions": [],
            "is_admin": false,
            "password": "pbkdf2_sha256$12000$PoNCHEnuObsl$35PLVfhyapoCUb6utV2q4dzU5as0oRx/9aJdmmEqnsU=",
            "email": "",
            "date_joined": "2014-03-04T14:16:41.367Z"
        }
    },
    {
        "pk": 130702,
        "model": "timetable.myuser",
        "fields": {
            "first_name": "Nicolas",
            "last_name": "Leemans",
            "is_active": false,
            "is_superuser": false,
            "last_login": "2014-03-04T14:18:24.866Z",
            "groups": [],
            "user_permissions": [],
            "is_admin": false,
            "password": "pbkdf2_sha256$12000$ONY2HQ6V8X2o$t87teUc13vQJhDlv2xOvQMvodEOdcLQTiNt0WgringI=",
            "email": "",
            "date_joined": "2014-03-04T14:18:24.866Z"
        }
    },
    {
        "pk": 130792,
        "model": "timetable.myuser",
        "fields": {
            "first_name": "Duncan",
            "last_name": "De Weireld",
            "is_active": false,
            "is_superuser": false,
            "last_login": "2014-03-04T14:16:26.092Z",
            "groups": [],
            "user_permissions": [],
            "is_admin": false,
            "password": "pbkdf2_sha256$12000$pmkRtBK5NazP$LzBycuEClB3Af4uJ67MvlR6N4J9QnXsyXrDoxlaayzc=",
            "email": "",
            "date_joined": "2014-03-04T14:16:26.092Z"
        }
    },
    {
        "pk": 130816,
        "model": "timetable.myuser",
        "fields": {
            "first_name": "Maximilien",
            "last_name": "Charlier",
            "is_active": false,
            "is_superuser": false,
            "last_login": "2014-03-04T14:15:54.983Z",
            "groups": [],
            "user_permissions": [],
            "is_admin": false,
            "password": "pbkdf2_sha256$12000$WMPMPaNfpFkD$QZzJLdRWNJn65IVqc69TMMH+eC2+kted679W1rW/O14=",
            "email": "",
            "date_joined": "2014-03-04T14:15:54.983Z"
        }
    },
    {
        "pk": 130852,
        "model": "timetable.myuser",
        "fields": {
            "first_name": "Alicia",
            "last_name": "Galina",
            "is_active": false,
            "is_superuser": false,
            "last_login": "2014-03-04T14:15:36.021Z",
            "groups": [],
            "user_permissions": [],
            "is_admin": false,
            "password": "pbkdf2_sha256$12000$Hvu5mNK9nJY2$S3naJLevmfufDCRrO86f2yOeahwpG/sgRfKymzjZHak=",
            "email": "",
            "date_joined": "2014-03-04T14:15:36.021Z"
        }
    },
    {
        "pk": 130900,
        "model": "timetable.myuser",
        "fields": {
            "first_name": "Jordan",
            "last_name": "Bouchereau",
            "is_active": false,
            "is_superuser": false,
            "last_login": "2014-03-04T14:11:32.961Z",
            "groups": [],
            "user_permissions": [],
            "is_admin": false,
            "password": "pbkdf2_sha256$12000$VNeV1BDbkXuL$ej2F/rkiNgqYU/exLAeymlOZVvcSG+KkJEWE5MgYJUU=",
            "email": "",
            "date_joined": "2014-03-04T14:11:32.961Z"
        }
    },
    {
        "pk": 130936,
        "model": "timetable.myuser",
        "fields": {
            "first_name": "Valentin",
            "last_name": "Gesquiere",
            "is_active": false,
            "is_superuser": false,
            "last_login": "2014-03-04T14:13:35.074Z",
            "groups": [],
            "user_permissions": [],
            "is_admin": false,
            "password": "pbkdf2_sha256$12000$f2BnZysh1BHt$XUcH9Lt4lgFR5k4PbtNNYeC2dTnT9SKTuB3bmnqsnOc=",
            "email": "",
            "date_joined": "2014-03-04T14:13:35.074Z"
        }
    },
    {
        "pk": 131004,
        "model": "timetable.myuser",
        "fields": {
            "first_name": "De Gaulle",
            "last_name": "Bauma Luanda",
            "is_active": false,
            "is_superuser": false,
            "last_login": "2014-03-04T14:10:58.447Z",
            "groups": [],
            "user_permissions": [],
            "is_admin": false,
            "password": "pbkdf2_sha256$12000$qbdDcykJ7qzG$MJp3jecJ0m4/eV1xgCgfCK4QwUNEfJcZNAGG0MKvGlo=",
            "email": "",
            "date_joined": "2014-03-04T14:10:58.447Z"
        }
    },
    {
        "pk": 131183,
        "model": "timetable.myuser",
        "fields": {
            "first_name": "Corentin",
            "last_name": "Ducruet",
            "is_active": false,
            "is_superuser": false,
            "last_login": "2014-03-04T14:17:18.367Z",
            "groups": [],
            "user_permissions": [],
            "is_admin": false,
            "password": "pbkdf2_sha256$12000$iryKd6JNwIug$YvkFSoOw6sXEpKaLBr+b1iNo8xU8MPgMTdeFvzpAuLA=",
            "email": "",
            "date_joined": "2014-03-04T14:17:18.367Z"
        }
    },
    {
        "pk": 131246,
        "model": "timetable.myuser",
        "fields": {
            "first_name": "Julien",
            "last_name": "Delplanque",
            "is_active": false,
            "is_superuser": false,
            "last_login": "2014-03-04T14:17:00.879Z",
            "groups": [],
            "user_permissions": [],
            "is_admin": false,
            "password": "pbkdf2_sha256$12000$gcn0vnLk4cax$MNNfQMUBUWzFsuXZr4BxYq7+GdKYJIh2h2CuvvsT0jI=",
            "email": "",
            "date_joined": "2014-03-04T14:17:00.879Z"
        }
    },
    {
        "pk": 131551,
        "model": "timetable.myuser",
        "fields": {
            "first_name": "Matteo",
            "last_name": "Helleux",
            "is_active": false,
            "is_superuser": false,
            "last_login": "2014-03-04T14:16:41.005Z",
            "groups": [],
            "user_permissions": [],
            "is_admin": false,
            "password": "pbkdf2_sha256$12000$iBCPH3Zbt6HV$G7q6npf8QEkgPBkFZ492n1351MvVNilVJMbZyGuzGbE=",
            "email": "",
            "date_joined": "2014-03-04T14:16:41.005Z"
        }
    },
    {
        "pk": 131643,
        "model": "timetable.myuser",
        "fields": {
            "first_name": "Florent",
            "last_name": "Delgrange",
            "is_active": false,
            "is_superuser": false,
            "last_login": "2014-03-04T14:14:04.424Z",
            "groups": [],
            "user_permissions": [],
            "is_admin": false,
            "password": "pbkdf2_sha256$12000$Znf1oz7MGbnd$BgcQDolKXshRUyR/We8WYyix+udgDmazjgzR4vXFKd8=",
            "email": "",
            "date_joined": "2014-03-04T14:14:04.424Z"
        }
    },
    {
        "pk": 131803,
        "model": "timetable.myuser",
        "fields": {
            "first_name": "Fran\u00e7ois",
            "last_name": "Marbais",
            "is_active": false,
            "is_superuser": false,
            "last_login": "2014-03-04T14:19:16.615Z",
            "groups": [],
            "user_permissions": [],
            "is_admin": false,
            "password": "pbkdf2_sha256$12000$tUQOyaREnvae$OLdk9cmQ3XJ5Kcn/oUIoKbenO9Ehl8U5vhEZ2WtHRmk=",
            "email": "",
            "date_joined": "2014-03-04T14:19:16.615Z"
        }
    },
    {
        "pk": 131832,
        "model": "timetable.myuser",
        "fields": {
            "first_name": "Victor",
            "last_name": "Bury",
            "is_active": false,
            "is_superuser": false,
            "last_login": "2014-03-04T14:12:28.501Z",
            "groups": [],
            "user_permissions": [],
            "is_admin": false,
            "password": "pbkdf2_sha256$12000$L5XDB5M4yo2b$3cXX4Mpdjso4oz9yd2YM0H7OHpft2MFPCM/mlfV6p/c=",
            "email": "",
            "date_joined": "2014-03-04T14:12:28.501Z"
        }
    },
    {
        "pk": 131965,
        "model": "timetable.myuser",
        "fields": {
            "first_name": "Maxime",
            "last_name": "Daniels",
            "is_active": false,
            "is_superuser": false,
            "last_login": "2014-03-04T14:13:34.763Z",
            "groups": [],
            "user_permissions": [],
            "is_admin": false,
            "password": "pbkdf2_sha256$12000$R1Sf1tGouJhY$ZyRS8e3deDw0qV9qu6sLA3QwTJ5qMYucBbjX+D8minA=",
            "email": "",
            "date_joined": "2014-03-04T14:13:34.763Z"
        }
    },
    {
        "pk": 132151,
        "model": "timetable.myuser",
        "fields": {
            "first_name": "Valery",
            "last_name": "Djada Tchakountio",
            "is_active": false,
            "is_superuser": false,
            "last_login": "2014-03-04T14:23:37.591Z",
            "groups": [],
            "user_permissions": [],
            "is_admin": false,
            "password": "pbkdf2_sha256$12000$A9IW7sjT57ah$b7t1T+vVhW4YugjUPhDhuFruyBSuvVd/y1LqmgB4r74=",
            "email": "",
            "date_joined": "2014-03-04T14:23:37.591Z"
        }
    },
    {
        "pk": 132218,
        "model": "timetable.myuser",
        "fields": {
            "first_name": "Merlin",
            "last_name": "Domo Tiemani",
            "is_active": false,
            "is_superuser": false,
            "last_login": "2014-03-04T14:13:02.027Z",
            "groups": [],
            "user_permissions": [],
            "is_admin": false,
            "password": "pbkdf2_sha256$12000$MRGBdfnnzCf5$NBJJqMtuxYkE5cMS4xGlGqv/j45vRgLVn1HfWA8vp6o=",
            "email": "",
            "date_joined": "2014-03-04T14:13:02.027Z"
        }
    },
    {
        "pk": 132241,
        "model": "timetable.myuser",
        "fields": {
            "first_name": "Paul",
            "last_name": "Nono Tatou",
            "is_active": false,
            "is_superuser": false,
            "last_login": "2014-03-04T14:26:25.263Z",
            "groups": [],
            "user_permissions": [],
            "is_admin": false,
            "password": "pbkdf2_sha256$12000$ZkxhF3KH4zrD$uHFipsUveeu+JOu28i543pzt3bIJVqbWtdkeoiUa1qc=",
            "email": "",
            "date_joined": "2014-03-04T14:26:25.263Z"
        }
    },
    {
        "pk": 140039,
        "model": "timetable.myuser",
        "fields": {
            "first_name": "Corentin",
            "last_name": "Tenret",
            "is_active": false,
            "is_superuser": false,
            "last_login": "2014-03-04T14:22:16.077Z",
            "groups": [],
            "user_permissions": [],
            "is_admin": false,
            "password": "pbkdf2_sha256$12000$UEuWpf7cTDGV$1qgIuMLIPnSawtj7njbXBSNQuGfWpfE8r5yVSXhkS8s=",
            "email": "",
            "date_joined": "2014-03-04T14:22:16.078Z"
        }
    },
    {
        "pk": 140057,
        "model": "timetable.myuser",
        "fields": {
            "first_name": "Madysson",
            "last_name": "Mahieu",
            "is_active": false,
            "is_superuser": false,
            "last_login": "2014-03-04T14:19:19.348Z",
            "groups": [],
            "user_permissions": [],
            "is_admin": false,
            "password": "pbkdf2_sha256$12000$hW6RV97znieH$PIxSa/FhzHH9AUjEPvPL+Kd77OgpymFxZab/vvb77Zg=",
            "email": "",
            "date_joined": "2014-03-04T14:19:19.348Z"
        }
    },
    {
        "pk": 140142,
        "model": "timetable.myuser",
        "fields": {
            "first_name": "Mathieu",
            "last_name": "Leclercq",
            "is_active": false,
            "is_superuser": false,
            "last_login": "2014-03-04T14:17:47.305Z",
            "groups": [],
            "user_permissions": [],
            "is_admin": false,
            "password": "pbkdf2_sha256$12000$QcerjpCxWVw2$/nHQJF8Ji3HNnZDhRz4V6YprxuTDleptBNXuKwtQlbc=",
            "email": "",
            "date_joined": "2014-03-04T14:17:47.305Z"
        }
    },
    {
        "pk": 140223,
        "model": "timetable.myuser",
        "fields": {
            "first_name": "Guillaume",
            "last_name": "Huysmans",
            "is_active": false,
            "is_superuser": false,
            "last_login": "2014-03-04T14:17:00.577Z",
            "groups": [],
            "user_permissions": [],
            "is_admin": false,
            "password": "pbkdf2_sha256$12000$K2YdqohzfzqC$QbO9JskNA1eiexVw87GWVvnN+UajnhSMCVxwxwaNOAk=",
            "email": "",
            "date_joined": "2014-03-04T14:17:00.577Z"
        }
    },
    {
        "pk": 140269,
        "model": "timetable.myuser",
        "fields": {
            "first_name": "Pierre",
            "last_name": "Ghislain",
            "is_active": false,
            "is_superuser": false,
            "last_login": "2014-03-04T14:15:55.422Z",
            "groups": [],
            "user_permissions": [],
            "is_admin": false,
            "password": "pbkdf2_sha256$12000$5gUVGy29LkQX$IaNdC9HxFCFsMOl2KSq+x4z3E/CLc2TCNOVbea+3UoQ=",
            "email": "",
            "date_joined": "2014-03-04T14:15:55.422Z"
        }
    },
    {
        "pk": 140294,
        "model": "timetable.myuser",
        "fields": {
            "first_name": "Jason",
            "last_name": "Viseur",
            "is_active": false,
            "is_superuser": false,
            "last_login": "2014-03-04T14:23:38.380Z",
            "groups": [],
            "user_permissions": [],
            "is_admin": false,
            "password": "pbkdf2_sha256$12000$iRIcaMXdKbvQ$8hlsSlWNp1PmMgXohdqALQtZEMArws+THd3H4rFiIqs=",
            "email": "",
            "date_joined": "2014-03-04T14:23:38.380Z"
        }
    },
    {
        "pk": 140312,
        "model": "timetable.myuser",
        "fields": {
            "first_name": "Arman",
            "last_name": "Davidyan",
            "is_active": false,
            "is_superuser": false,
            "last_login": "2014-03-04T14:13:47.557Z",
            "groups": [],
            "user_permissions": [],
            "is_admin": false,
            "password": "pbkdf2_sha256$12000$NT8EAvd31LKK$7JJTBRitDJ5Vb8Edy26Ut/JpR2gl6WeFaNM1tdX7PMs=",
            "email": "",
            "date_joined": "2014-03-04T14:13:47.557Z"
        }
    },
    {
        "pk": 140320,
        "model": "timetable.myuser",
        "fields": {
            "first_name": "Marty",
            "last_name": "Tiscal",
            "is_active": false,
            "is_superuser": false,
            "last_login": "2014-03-04T14:22:26.011Z",
            "groups": [],
            "user_permissions": [],
            "is_admin": false,
            "password": "pbkdf2_sha256$12000$XhcBYpVJo7U9$9cJc2ykp+FsxEBkt2Ogk7///bQwSgNtbqstF0c4bx/A=",
            "email": "",
            "date_joined": "2014-03-04T14:22:26.011Z"
        }
    },
    {
        "pk": 140331,
        "model": "timetable.myuser",
        "fields": {
            "first_name": "Oph\u00e9lie",
            "last_name": "Sam",
            "is_active": false,
            "is_superuser": false,
            "last_login": "2014-03-04T14:21:16.990Z",
            "groups": [],
            "user_permissions": [],
            "is_admin": false,
            "password": "pbkdf2_sha256$12000$0gm3rBg1Evkw$MndR9Xx0Bc3XwhF1o7uOv09vtXQTI8KJXtPNMluTaRM=",
            "email": "",
            "date_joined": "2014-03-04T14:21:16.990Z"
        }
    },
    {
        "pk": 140339,
        "model": "timetable.myuser",
        "fields": {
            "first_name": "Yann",
            "last_name": "Truyens",
            "is_active": false,
            "is_superuser": false,
            "last_login": "2014-03-04T14:22:49.601Z",
            "groups": [],
            "user_permissions": [],
            "is_admin": false,
            "password": "pbkdf2_sha256$12000$oSHALz5O1pBU$2U9hNGWTXb83/ecuaw2vLJzsUcmhWfBtWPiIUu/QECI=",
            "email": "",
            "date_joined": "2014-03-04T14:22:49.601Z"
        }
    },
    {
        "pk": 140358,
        "model": "timetable.myuser",
        "fields": {
            "first_name": "Eric",
            "last_name": "Martin",
            "is_active": false,
            "is_superuser": false,
            "last_login": "2014-03-04T14:19:38.312Z",
            "groups": [],
            "user_permissions": [],
            "is_admin": false,
            "password": "pbkdf2_sha256$12000$xQkjEyl3awka$feF621jTAdY81hz518shVNfoQdFDjYMNjUHfCcm5p/Y=",
            "email": "",
            "date_joined": "2014-03-04T14:19:38.312Z"
        }
    },
    {
        "pk": 140359,
        "model": "timetable.myuser",
        "fields": {
            "first_name": "Julien",
            "last_name": "Amalaberque",
            "is_active": false,
            "is_superuser": false,
            "last_login": "2014-03-04T14:10:23.677Z",
            "groups": [],
            "user_permissions": [],
            "is_admin": false,
            "password": "pbkdf2_sha256$12000$DtEnCJBClw1W$8YKgMf4cP3MpBurqbYk/JbH9dcQQ7fIRESrdb1RzUpE=",
            "email": "",
            "date_joined": "2014-03-04T14:10:23.678Z"
        }
    },
    {
        "pk": 140374,
        "model": "timetable.myuser",
        "fields": {
            "first_name": "Jeremy",
            "last_name": "Bricq",
            "is_active": false,
            "is_superuser": false,
            "last_login": "2014-03-04T14:11:43.743Z",
            "groups": [],
            "user_permissions": [],
            "is_admin": false,
            "password": "pbkdf2_sha256$12000$ggT2h92vQaHA$N0HDTa1FhDZXxMU8bdpilGDUU93U/GelP70oOkY1f20=",
            "email": "",
            "date_joined": "2014-03-04T14:11:43.743Z"
        }
    },
    {
        "pk": 140381,
        "model": "timetable.myuser",
        "fields": {
            "first_name": "Robin",
            "last_name": "Willieme",
            "is_active": false,
            "is_superuser": false,
            "last_login": "2014-03-04T14:24:02.991Z",
            "groups": [],
            "user_permissions": [],
            "is_admin": false,
            "password": "pbkdf2_sha256$12000$boVC58sMNKv4$8fzvIHLYiPt50SucSpC0BJkZ5jeuU0EqIJXc4ghp+5U=",
            "email": "",
            "date_joined": "2014-03-04T14:24:02.991Z"
        }
    },
    {
        "pk": 140412,
        "model": "timetable.myuser",
        "fields": {
            "first_name": "Pauline",
            "last_name": "Lizon",
            "is_active": false,
            "is_superuser": false,
            "last_login": "2014-03-04T14:18:45.600Z",
            "groups": [],
            "user_permissions": [],
            "is_admin": false,
            "password": "pbkdf2_sha256$12000$amn6po9jpoc8$eb2IzbUvCh2F0Vse1dfPjRCoTYUXob0PWGK3z1kUH+I=",
            "email": "",
            "date_joined": "2014-03-04T14:18:45.600Z"
        }
    },
    {
        "pk": 140444,
        "model": "timetable.myuser",
        "fields": {
            "first_name": "J\u00e9r\u00e9mie",
            "last_name": "Bughin",
            "is_active": false,
            "is_superuser": false,
            "last_login": "2014-03-04T14:12:00.070Z",
            "groups": [],
            "user_permissions": [],
            "is_admin": false,
            "password": "pbkdf2_sha256$12000$ArBkhfUWXVIA$NRA+fMgxHy0fBufqnhn5ZDT6yHD+gClPjRcoUDcHSh4=",
            "email": "",
            "date_joined": "2014-03-04T14:12:00.070Z"
        }
    },
    {
        "pk": 140474,
        "model": "timetable.myuser",
        "fields": {
            "first_name": "Louis",
            "last_name": "Vanderveken",
            "is_active": false,
            "is_superuser": false,
            "last_login": "2014-03-04T14:23:12.027Z",
            "groups": [],
            "user_permissions": [],
            "is_admin": false,
            "password": "pbkdf2_sha256$12000$gTRo105RwKBa$f0lhlEToTQViNKzS56eH0vbQljuT6y/pHIc04ffIXeg=",
            "email": "",
            "date_joined": "2014-03-04T14:23:12.027Z"
        }
    },
    {
        "pk": 140476,
        "model": "timetable.myuser",
        "fields": {
            "first_name": "Alexandre",
            "last_name": "Riviere",
            "is_active": false,
            "is_superuser": false,
            "last_login": "2014-03-04T14:21:05.716Z",
            "groups": [],
            "user_permissions": [],
            "is_admin": false,
            "password": "pbkdf2_sha256$12000$aKm6bPAnIJpO$j9sRyBi/b22t9vYszb0K6GGBbnEhPXxBbYhYgWTpQSU=",
            "email": "",
            "date_joined": "2014-03-04T14:21:05.716Z"
        }
    },
    {
        "pk": 140591,
        "model": "timetable.myuser",
        "fields": {
            "first_name": "Terencio",
            "last_name": "Agozzino",
            "is_active": false,
            "is_superuser": false,
            "last_login": "2014-03-04T14:09:37.074Z",
            "groups": [],
            "user_permissions": [],
            "is_admin": false,
            "password": "pbkdf2_sha256$12000$H19YQXfnKM5y$YlCHyISX5L7Csc4CDNQV1/fZ4qreUn0Vyv0ttbU4bFo=",
            "email": "",
            "date_joined": "2014-03-04T14:09:37.075Z"
        }
    },
    {
        "pk": 140649,
        "model": "timetable.myuser",
        "fields": {
            "first_name": "Loris",
            "last_name": "Pizzirusso",
            "is_active": false,
            "is_superuser": false,
            "last_login": "2014-03-04T14:20:45.242Z",
            "groups": [],
            "user_permissions": [],
            "is_admin": false,
            "password": "pbkdf2_sha256$12000$eiLZsPOR76rm$1CvCb70qQTk/2Xk26oe9Lvo4RQxbknHejNIp/uFL/uM=",
            "email": "",
            "date_joined": "2014-03-04T14:20:45.242Z"
        }
    },
    {
        "pk": 140675,
        "model": "timetable.myuser",
        "fields": {
            "first_name": "Kevin",
            "last_name": "Barat",
            "is_active": false,
            "is_superuser": false,
            "last_login": "2014-03-04T14:10:47.919Z",
            "groups": [],
            "user_permissions": [],
            "is_admin": false,
            "password": "pbkdf2_sha256$12000$BxUg1dTgb8sB$I9wcxZo/fe9E6zeCzoAqVqmBjQofwfHS22CVJdtRxk4=",
            "email": "",
            "date_joined": "2014-03-04T14:10:47.919Z"
        }
    },
    {
        "pk": 140777,
        "model": "timetable.myuser",
        "fields": {
            "first_name": "Lucas",
            "last_name": "Vanoverberghe",
            "is_active": false,
            "is_superuser": false,
            "last_login": "2014-03-04T14:27:10.404Z",
            "groups": [],
            "user_permissions": [],
            "is_admin": false,
            "password": "pbkdf2_sha256$12000$4bW5d7tGOenT$O/B46SERj3uBDAWU9JxZ2FqiF/9/L3sJ9H3AuGDvH8g=",
            "email": "",
            "date_joined": "2014-03-04T14:27:10.404Z"
        }
    },
    {
        "pk": 140794,
        "model": "timetable.myuser",
        "fields": {
            "first_name": "Valentin",
            "last_name": "Lecomte",
            "is_active": false,
            "is_superuser": false,
            "last_login": "2014-03-04T14:25:38.272Z",
            "groups": [],
            "user_permissions": [],
            "is_admin": false,
            "password": "pbkdf2_sha256$12000$0CynT0XEHNGM$m8FopdbycZGjxEen7JAF8YkZzZuSYc4ShtUbNaxchu8=",
            "email": "",
            "date_joined": "2014-03-04T14:25:38.272Z"
        }
    },
    {
        "pk": 140796,
        "model": "timetable.myuser",
        "fields": {
            "first_name": "Emeric",
            "last_name": "Gilmont",
            "is_active": false,
            "is_superuser": false,
            "last_login": "2014-03-04T14:16:04.484Z",
            "groups": [],
            "user_permissions": [],
            "is_admin": false,
            "password": "pbkdf2_sha256$12000$295iUDPSDkWk$jY5Z8fgXTiyh3A2GLB/E+iSfCdtHuj7rIoRNOZqP11k=",
            "email": "",
            "date_joined": "2014-03-04T14:16:04.484Z"
        }
    },
    {
        "pk": 140804,
        "model": "timetable.myuser",
        "fields": {
            "first_name": "Jordan",
            "last_name": "Simon",
            "is_active": false,
            "is_superuser": false,
            "last_login": "2014-03-04T14:21:43.317Z",
            "groups": [],
            "user_permissions": [],
            "is_admin": false,
            "password": "pbkdf2_sha256$12000$7R2CNAnXOTEm$7oQxoTvRMwa2O2IDZdBm/TLgu0lbUy3KrefOK4ShCnM=",
            "email": "",
            "date_joined": "2014-03-04T14:21:43.317Z"
        }
    },
    {
        "pk": 140808,
        "model": "timetable.myuser",
        "fields": {
            "first_name": "Florent",
            "last_name": "Marcel",
            "is_active": false,
            "is_superuser": false,
            "last_login": "2014-03-04T14:19:28.758Z",
            "groups": [],
            "user_permissions": [],
            "is_admin": false,
            "password": "pbkdf2_sha256$12000$PfCTGdYr3A8a$dVVD578zMrJT5RWsmyL+tnuanezsdkSvHXvj58K8OZg=",
            "email": "",
            "date_joined": "2014-03-04T14:19:28.758Z"
        }
    },
    {
        "pk": 140813,
        "model": "timetable.myuser",
        "fields": {
            "first_name": "Robin",
            "last_name": "Cambier",
            "is_active": false,
            "is_superuser": false,
            "last_login": "2014-03-04T14:24:49.631Z",
            "groups": [],
            "user_permissions": [],
            "is_admin": false,
            "password": "pbkdf2_sha256$12000$rm5x0oiKvOcp$9MN6h3sEWYUkxVppK14b4mtSGrT6uLu9JfWyOtwES/k=",
            "email": "",
            "date_joined": "2014-03-04T14:24:49.631Z"
        }
    },
    {
        "pk": 140832,
        "model": "timetable.myuser",
        "fields": {
            "first_name": "Valentin",
            "last_name": "Nagy",
            "is_active": false,
            "is_superuser": false,
            "last_login": "2014-03-04T14:20:11.038Z",
            "groups": [],
            "user_permissions": [],
            "is_admin": false,
            "password": "pbkdf2_sha256$12000$y9uwOngQrCxi$vTBo+S0WNT3l8G+OQxjD9XLjMrLcqAPwMUv4fpqH6mY=",
            "email": "",
            "date_joined": "2014-03-04T14:20:11.038Z"
        }
    },
    {
        "pk": 140849,
        "model": "timetable.myuser",
        "fields": {
            "first_name": "Dimitri",
            "last_name": "Waelkens",
            "is_active": false,
            "is_superuser": false,
            "last_login": "2014-03-04T14:23:48.729Z",
            "groups": [],
            "user_permissions": [],
            "is_admin": false,
            "password": "pbkdf2_sha256$12000$MlhWDwdwrmdD$MU6vbGyY0KNmF34V+zsB1hYEIjvy+S6RL36QfycCCYA=",
            "email": "",
            "date_joined": "2014-03-04T14:23:48.729Z"
        }
    },
    {
        "pk": 140859,
        "model": "timetable.myuser",
        "fields": {
            "first_name": "Nicolas",
            "last_name": "Van Weehaege",
            "is_active": false,
            "is_superuser": false,
            "last_login": "2014-03-04T14:23:01.932Z",
            "groups": [],
            "user_permissions": [],
            "is_admin": false,
            "password": "pbkdf2_sha256$12000$vWeUYCtBF42X$12wQUlmD8/b1np3X5TruIHjUZg6LkF1TzrPONnQrZwo=",
            "email": "",
            "date_joined": "2014-03-04T14:23:01.932Z"
        }
    },
    {
        "pk": 140867,
        "model": "timetable.myuser",
        "fields": {
            "first_name": "J\u00e9r\u00e9my",
            "last_name": "Gheysen",
            "is_active": false,
            "is_superuser": false,
            "last_login": "2014-03-04T14:15:45.026Z",
            "groups": [],
            "user_permissions": [],
            "is_admin": false,
            "password": "pbkdf2_sha256$12000$8eQ0IEYFfyiU$exNrzQgwFTZ1EV3ibRd5MfJ/3ytYFJUDGsZ+5Qu59pQ=",
            "email": "",
            "date_joined": "2014-03-04T14:15:45.026Z"
        }
    },
    {
        "pk": 140897,
        "model": "timetable.myuser",
        "fields": {
            "first_name": "Alexandre",
            "last_name": "Ducobu",
            "is_active": false,
            "is_superuser": false,
            "last_login": "2014-03-04T14:14:39.517Z",
            "groups": [],
            "user_permissions": [],
            "is_admin": false,
            "password": "pbkdf2_sha256$12000$36FwXrmdVMZd$gcKkhfVZ0PdZzW461Hf12WIWqyDhX5f/8QqVSxSdk+g=",
            "email": "",
            "date_joined": "2014-03-04T14:14:39.517Z"
        }
    },
    {
        "pk": 140923,
        "model": "timetable.myuser",
        "fields": {
            "first_name": "Arber",
            "last_name": "Ahmetaj",
            "is_active": false,
            "is_superuser": false,
            "last_login": "2014-03-04T14:09:50.533Z",
            "groups": [],
            "user_permissions": [],
            "is_admin": false,
            "password": "pbkdf2_sha256$12000$q8x9yXr462nP$da8Hf6L2WBWQFnTwVXBOar3iKtkKNFRJYnm4VN6kuUA=",
            "email": "",
            "date_joined": "2014-03-04T14:09:50.533Z"
        }
    },
    {
        "pk": 140940,
        "model": "timetable.myuser",
        "fields": {
            "first_name": "Cl\u00e9ment",
            "last_name": "Tamines",
            "is_active": false,
            "is_superuser": false,
            "last_login": "2014-03-04T14:22:06.601Z",
            "groups": [],
            "user_permissions": [],
            "is_admin": false,
            "password": "pbkdf2_sha256$12000$rGiPh98gTU4E$pv+PHmJ4HufxKuEc3tu9Tg8ZL90QAEL0Qj2f1sRWAIY=",
            "email": "",
            "date_joined": "2014-03-04T14:22:06.601Z"
        }
    },
    {
        "pk": 141081,
        "model": "timetable.myuser",
        "fields": {
            "first_name": "Zakaria",
            "last_name": "Taibi",
            "is_active": false,
            "is_superuser": false,
            "last_login": "2014-03-04T14:21:53.843Z",
            "groups": [],
            "user_permissions": [],
            "is_admin": false,
            "password": "pbkdf2_sha256$12000$jGC6LuXufSqE$wAQ94QypToeg+1AwfEEX6zaOs738fH1Wd6zSPMCiPcI=",
            "email": "",
            "date_joined": "2014-03-04T14:21:53.843Z"
        }
    },
    {
        "pk": 141097,
        "model": "timetable.myuser",
        "fields": {
            "first_name": "Masia",
            "last_name": "Munsi",
            "is_active": false,
            "is_superuser": false,
            "last_login": "2014-03-04T14:26:07.253Z",
            "groups": [],
            "user_permissions": [],
            "is_admin": false,
            "password": "pbkdf2_sha256$12000$eG04kflbGCq8$3WsGO87fLIcpKWo3SLSbim/7OLpR9f8ugomYFIF/lug=",
            "email": "",
            "date_joined": "2014-03-04T14:26:07.253Z"
        }
    },
    {
        "pk": 141103,
        "model": "timetable.myuser",
        "fields": {
            "first_name": "Pauline",
            "last_name": "Ascone",
            "is_active": false,
            "is_superuser": false,
            "last_login": "2014-03-04T14:10:36.608Z",
            "groups": [],
            "user_permissions": [],
            "is_admin": false,
            "password": "pbkdf2_sha256$12000$FpoNK7bYdmcA$roh7/hOxSSRXG/rdZW8G2agjwEimEysxjbAmve7ms78=",
            "email": "",
            "date_joined": "2014-03-04T14:10:36.608Z"
        }
    },
    {
        "pk": 141129,
        "model": "timetable.myuser",
        "fields": {
            "first_name": "Zeeshan",
            "last_name": "Afzal",
            "is_active": false,
            "is_superuser": false,
            "last_login": "2014-03-04T14:09:16.532Z",
            "groups": [],
            "user_permissions": [],
            "is_admin": false,
            "password": "pbkdf2_sha256$12000$wuWJJwfe8PlS$+Bc1kTDwF5zzkDT649ZQZm7zj19jhCzJFQnOYPgAOEw=",
            "email": "",
            "date_joined": "2014-03-04T14:09:16.532Z"
        }
    },
    {
        "pk": 141168,
        "model": "timetable.myuser",
        "fields": {
            "first_name": "Robin",
            "last_name": "Delplace",
            "is_active": false,
            "is_superuser": false,
            "last_login": "2014-03-04T14:14:19.071Z",
            "groups": [],
            "user_permissions": [],
            "is_admin": false,
            "password": "pbkdf2_sha256$12000$1SD36sDol07s$353Kr5EEbDuTfTJygtDy1JmJQf7uw/m/kGZ9UrvzeKc=",
            "email": "",
            "date_joined": "2014-03-04T14:14:19.071Z"
        }
    },
    {
        "pk": 141193,
        "model": "timetable.myuser",
        "fields": {
            "first_name": "Sacha",
            "last_name": "Houyaux",
            "is_active": false,
            "is_superuser": false,
            "last_login": "2014-03-04T14:16:50.816Z",
            "groups": [],
            "user_permissions": [],
            "is_admin": false,
            "password": "pbkdf2_sha256$12000$MKqlgI8HZNa0$UTVKugZf1SimKIAcAKqeg+hGbgAu1GCbs9UePdZF5yE=",
            "email": "",
            "date_joined": "2014-03-04T14:16:50.816Z"
        }
    },
    {
        "pk": 141197,
        "model": "timetable.myuser",
        "fields": {
            "first_name": "Martin",
            "last_name": "Lempereur",
            "is_active": false,
            "is_superuser": false,
            "last_login": "2014-03-04T14:18:37.410Z",
            "groups": [],
            "user_permissions": [],
            "is_admin": false,
            "password": "pbkdf2_sha256$12000$yCofm7Vsv53o$FJczz2k6arH6pTyrf1zKDXPzk8bGj+NpGgtA11EuAbU=",
            "email": "",
            "date_joined": "2014-03-04T14:18:37.410Z"
        }
    },
    {
        "pk": 141211,
        "model": "timetable.myuser",
        "fields": {
            "first_name": "Matthias",
            "last_name": "Nalletamby",
            "is_active": false,
            "is_superuser": false,
            "last_login": "2014-03-04T14:20:22.668Z",
            "groups": [],
            "user_permissions": [],
            "is_admin": false,
            "password": "pbkdf2_sha256$12000$xALkfSoLRBAS$1Q00qY/VDmOJD6fC2PTJViAHZPObqL/wWV0zujJNvks=",
            "email": "",
            "date_joined": "2014-03-04T14:20:22.668Z"
        }
    },
    {
        "pk": 141212,
        "model": "timetable.myuser",
        "fields": {
            "first_name": "Maxime",
            "last_name": "Francois",
            "is_active": false,
            "is_superuser": false,
            "last_login": "2014-03-04T14:15:24.675Z",
            "groups": [],
            "user_permissions": [],
            "is_admin": false,
            "password": "pbkdf2_sha256$12000$uxwTKb3Uf9eV$V/+XmLRYS4clXgX5X7HJ2u2lFgI0k9hfRivNdkrhy9o=",
            "email": "",
            "date_joined": "2014-03-04T14:15:24.675Z"
        }
    },
    {
        "pk": 141219,
        "model": "timetable.myuser",
        "fields": {
            "first_name": "Sylvain",
            "last_name": "Chapelle",
            "is_active": false,
            "is_superuser": false,
            "last_login": "2014-03-04T14:13:03.406Z",
            "groups": [],
            "user_permissions": [],
            "is_admin": false,
            "password": "pbkdf2_sha256$12000$T7D1It7r4t97$tkvoaR49qZ62KengKyvK5zcye6/wjcaSVtrE/O9Qqeg=",
            "email": "",
            "date_joined": "2014-03-04T14:13:03.406Z"
        }
    },
    {
        "pk": 141357,
        "model": "timetable.myuser",
        "fields": {
            "first_name": "Guillaume",
            "last_name": "Mazza",
            "is_active": false,
            "is_superuser": false,
            "last_login": "2014-03-04T14:25:53.443Z",
            "groups": [],
            "user_permissions": [],
            "is_admin": false,
            "password": "pbkdf2_sha256$12000$SCd0ENyyYj4X$6xfxGrnX2BSJZvvWKGdJU0X/eaOsK2DIK4Kmywq25h0=",
            "email": "",
            "date_joined": "2014-03-04T14:25:53.443Z"
        }
    },
    {
        "pk": 141362,
        "model": "timetable.myuser",
        "fields": {
            "first_name": "Semih",
            "last_name": "Locqueneux",
            "is_active": false,
            "is_superuser": false,
            "last_login": "2014-03-04T14:18:54.587Z",
            "groups": [],
            "user_permissions": [],
            "is_admin": false,
            "password": "pbkdf2_sha256$12000$yxFPVWdI0ehD$bQc2nIC3Vw+UNU0S+HRcecWGM/ueWBQiAVfeCmF00L8=",
            "email": "",
            "date_joined": "2014-03-04T14:18:54.587Z"
        }
    },
    {
        "pk": 141371,
        "model": "timetable.myuser",
        "fields": {
            "first_name": "Gillian",
            "last_name": "Lombart",
            "is_active": false,
            "is_superuser": false,
            "last_login": "2014-03-04T14:19:06.581Z",
            "groups": [],
            "user_permissions": [],
            "is_admin": false,
            "password": "pbkdf2_sha256$12000$9mb7lufYOznQ$qzIxCBkhDUbe9oKderW0NiemNL7tZxbazcdhDjgWU8A=",
            "email": "",
            "date_joined": "2014-03-04T14:19:06.581Z"
        }
    },
    {
        "pk": 141386,
        "model": "timetable.myuser",
        "fields": {
            "first_name": "Le\u00efla",
            "last_name": "Ben-Loukar",
            "is_active": false,
            "is_superuser": false,
            "last_login": "2014-03-04T14:11:11.122Z",
            "groups": [],
            "user_permissions": [],
            "is_admin": false,
            "password": "pbkdf2_sha256$12000$YidAGar9OWg9$2PfMCGT/4larJyBLCwNiQMYPfruUMPPGvhjJmkq1oL4=",
            "email": "",
            "date_joined": "2014-03-04T14:11:11.122Z"
        }
    },
    {
        "pk": 141436,
        "model": "timetable.myuser",
        "fields": {
            "first_name": "Jean-Marie",
            "last_name": "Nkundiyaremye",
            "is_active": false,
            "is_superuser": false,
            "last_login": "2014-03-04T14:20:32.012Z",
            "groups": [],
            "user_permissions": [],
            "is_admin": false,
            "password": "pbkdf2_sha256$12000$2q9OvIHSTb2J$CtaXenr/K5nuQ4kxd7sFW5yC93WFv0VTnQc52kmIuXY=",
            "email": "",
            "date_joined": "2014-03-04T14:20:32.012Z"
        }
    },
    {
        "pk": 141448,
        "model": "timetable.myuser",
        "fields": {
            "first_name": "Dorian",
            "last_name": "Messina",
            "is_active": false,
            "is_superuser": false,
            "last_login": "2014-03-04T14:19:48.870Z",
            "groups": [],
            "user_permissions": [],
            "is_admin": false,
            "password": "pbkdf2_sha256$12000$cbLah8anPME1$u7pWKUGXR/IIwmEuD2CFNhAVdPB/S0SdZuCRLFCVHHM=",
            "email": "",
            "date_joined": "2014-03-04T14:19:48.870Z"
        }
    },
    {
        "pk": 141501,
        "model": "timetable.myuser",
        "fields": {
            "first_name": "Amaury",
            "last_name": "Delval",
            "is_active": false,
            "is_superuser": false,
            "last_login": "2014-03-04T14:14:27.717Z",
            "groups": [],
            "user_permissions": [],
            "is_admin": false,
            "password": "pbkdf2_sha256$12000$L74fU2B6RFRx$ZkXa+gX12MPxeNWpAo0fpR5eL5eAhQNi1vCKL/V0S4g=",
            "email": "",
            "date_joined": "2014-03-04T14:14:27.717Z"
        }
    },
    {
        "pk": 141550,
        "model": "timetable.myuser",
        "fields": {
            "first_name": "Giuliano",
            "last_name": "Caredda",
            "is_active": false,
            "is_superuser": false,
            "last_login": "2014-03-04T14:12:51.279Z",
            "groups": [],
            "user_permissions": [],
            "is_admin": false,
            "password": "pbkdf2_sha256$12000$QB65SHCFhtxX$iCJBZJLYTcRUNn/FBTMg/wg9hczlWHSCCfGcKjl68fY=",
            "email": "",
            "date_joined": "2014-03-04T14:12:51.279Z"
        }
    },
    {
        "pk": 141571,
        "model": "timetable.myuser",
        "fields": {
            "first_name": "Hugo",
            "last_name": "Gustin",
            "is_active": false,
            "is_superuser": false,
            "last_login": "2014-03-04T14:16:13.865Z",
            "groups": [],
            "user_permissions": [],
            "is_admin": false,
            "password": "pbkdf2_sha256$12000$dTpsA6nlTyNm$AO/kJTIeW5F3mKXjP+a5zjFjyjMgyPzhjaGH7L5rhFA=",
            "email": "",
            "date_joined": "2014-03-04T14:16:13.865Z"
        }
    },
    {
        "pk": 141585,
        "model": "timetable.myuser",
        "fields": {
            "first_name": "Anis",
            "last_name": "Toumi",
            "is_active": false,
            "is_superuser": false,
            "last_login": "2014-03-04T14:22:35.850Z",
            "groups": [],
            "user_permissions": [],
            "is_admin": false,
            "password": "pbkdf2_sha256$12000$uLVihlkmZDF7$8vGUU8fpAqaHoA4HL92Viigi4X+J6qrBCIqpwyshuA8=",
            "email": "",
            "date_joined": "2014-03-04T14:22:35.850Z"
        }
    },
    {
        "pk": 141662,
        "model": "timetable.myuser",
        "fields": {
            "first_name": "H\u00fcseyin",
            "last_name": "Can",
            "is_active": false,
            "is_superuser": false,
            "last_login": "2014-03-04T14:12:39.868Z",
            "groups": [],
            "user_permissions": [],
            "is_admin": false,
            "password": "pbkdf2_sha256$12000$05mxSX1T7NA0$JaDquZWgcnwnQeskp/qjWJdv7KsdpfLC8PjPOSOWnps=",
            "email": "",
            "date_joined": "2014-03-04T14:12:39.868Z"
        }
    },
    {
        "pk": 141684,
        "model": "timetable.myuser",
        "fields": {
            "first_name": "Sophie",
            "last_name": "Opsommer",
            "is_active": false,
            "is_superuser": false,
            "last_login": "2014-03-04T14:26:56.505Z",
            "groups": [],
            "user_permissions": [],
            "is_admin": false,
            "password": "pbkdf2_sha256$12000$Rifw9TCbgXyz$+56F4sxH59GXyp005+nhEVI4KzIT9R1YJaApaRrfSLs=",
            "email": "",
            "date_joined": "2014-03-04T14:26:56.505Z"
        }
    },
    {
        "pk": 141731,
        "model": "timetable.myuser",
        "fields": {
            "first_name": "Antoine",
            "last_name": "Bettiol",
            "is_active": false,
            "is_superuser": false,
            "last_login": "2014-03-04T14:11:20.539Z",
            "groups": [],
            "user_permissions": [],
            "is_admin": false,
            "password": "pbkdf2_sha256$12000$5TjDTEUL2Nrb$9bpXZtuRfDqeaQZWiEZGSR2BkbdV62SCjgAxs2pY67g=",
            "email": "",
            "date_joined": "2014-03-04T14:11:20.539Z"
        }
    },
    {
        "pk": 141746,
        "model": "timetable.myuser",
        "fields": {
            "first_name": "Kyro",
            "last_name": "Hayes",
            "is_active": false,
            "is_superuser": false,
            "last_login": "2014-03-04T14:16:30.831Z",
            "groups": [],
            "user_permissions": [],
            "is_admin": false,
            "password": "pbkdf2_sha256$12000$RCUHW69tEJgv$iUkFEZEByVM5IeWPB/7kycYkWMDMq9foaV0RFHAQpyE=",
            "email": "",
            "date_joined": "2014-03-04T14:16:30.831Z"
        }
    },
    {
        "pk": 141799,
        "model": "timetable.myuser",
        "fields": {
            "first_name": "Nicolas",
            "last_name": "Rasetta",
            "is_active": false,
            "is_superuser": false,
            "last_login": "2014-03-04T14:20:57.158Z",
            "groups": [],
            "user_permissions": [],
            "is_admin": false,
            "password": "pbkdf2_sha256$12000$4K7cyUGviMa2$UQffOtBbEYQgXqMg5ugS0dAanCHFJQWWnXwIoHw/6vU=",
            "email": "",
            "date_joined": "2014-03-04T14:20:57.158Z"
        }
    },
    {
        "pk": 141802,
        "model": "timetable.myuser",
        "fields": {
            "first_name": "Simon",
            "last_name": "Olbregts",
            "is_active": false,
            "is_superuser": false,
            "last_login": "2014-03-04T14:26:42.213Z",
            "groups": [],
            "user_permissions": [],
            "is_admin": false,
            "password": "pbkdf2_sha256$12000$MMbF7g82cMJO$RfJcTnXy91CIh5NcHxXIS7O+qlIxCu5tgser0OEaypQ=",
            "email": "",
            "date_joined": "2014-03-04T14:26:42.213Z"
        }
    },
    {
        "pk": 141819,
        "model": "timetable.myuser",
        "fields": {
            "first_name": "Lionel",
            "last_name": "Coessens",
            "is_active": false,
            "is_superuser": false,
            "last_login": "2014-03-04T14:13:22.074Z",
            "groups": [],
            "user_permissions": [],
            "is_admin": false,
            "password": "pbkdf2_sha256$12000$HuDbzLoSZoKK$9So4Y7+LFsBGksNb8AjDsBtykYWhCXX/IFslkVJI450=",
            "email": "",
            "date_joined": "2014-03-04T14:13:22.074Z"
        }
    },
    {
        "pk": 141869,
        "model": "timetable.myuser",
        "fields": {
            "first_name": "Lucas",
            "last_name": "Monteodorisio",
            "is_active": false,
            "is_superuser": false,
            "last_login": "2014-03-04T14:20:01.286Z",
            "groups": [],
            "user_permissions": [],
            "is_admin": false,
            "password": "pbkdf2_sha256$12000$QxYdnYptVZww$gIvB/cVFSntu+JCZl7Bx1YgqC+bCobPINlRApuW1Qfg=",
            "email": "",
            "date_joined": "2014-03-04T14:20:01.286Z"
        }
    },
    {
        "pk": 141943,
        "model": "timetable.myuser",
        "fields": {
            "first_name": "Aimable",
            "last_name": "Hirwa",
            "is_active": false,
            "is_superuser": false,
            "last_login": "2014-03-04T14:25:21.526Z",
            "groups": [],
            "user_permissions": [],
            "is_admin": false,
            "password": "pbkdf2_sha256$12000$JVx9NwzF5iEO$l6m/AFtCp8N1MW9SzvrntHElBTqkYgop0TA/52WPKXM=",
            "email": "",
            "date_joined": "2014-03-04T14:25:21.526Z"
        }
    },
    {
        "pk": 142189,
        "model": "timetable.myuser",
        "fields": {
            "first_name": "Ahmed",
            "last_name": "Kassem",
            "is_active": false,
            "is_superuser": false,
            "last_login": "2014-03-04T14:17:22.388Z",
            "groups": [],
            "user_permissions": [],
            "is_admin": false,
            "password": "pbkdf2_sha256$12000$c8w7omFtlRMN$wHmcVm17/AtN7Z6zvo2DbknqdAz1k2UL6seaQyponHs=",
            "email": "",
            "date_joined": "2014-03-04T14:17:22.389Z"
        }
    },
    {
        "pk": 142289,
        "model": "timetable.myuser",
        "fields": {
            "first_name": "Logan",
            "last_name": "Sanier",
            "is_active": false,
            "is_superuser": false,
            "last_login": "2014-03-04T14:21:29.189Z",
            "groups": [],
            "user_permissions": [],
            "is_admin": false,
            "password": "pbkdf2_sha256$12000$YmcFtwqD7DMf$OlhjJ6JRJKRHO/5yHTtuLBNWJoWo6eFkx2+WKIIfz7A=",
            "email": "",
            "date_joined": "2014-03-04T14:21:29.190Z"
        }
    },
    {
        "pk": 142330,
        "model": "timetable.myuser",
        "fields": {
            "first_name": "Thibaut",
            "last_name": "Watillon",
            "is_active": false,
            "is_superuser": false,
            "last_login": "2014-03-04T14:27:26.621Z",
            "groups": [],
            "user_permissions": [],
            "is_admin": false,
            "password": "pbkdf2_sha256$12000$6S1IwKUvTSIl$F5sbyDnMzbMjfCZI5Osg+zmuR6SGxwhQtajX1eMJZiE=",
            "email": "",
            "date_joined": "2014-03-04T14:27:26.621Z"
        }
    },
    {
        "pk": 142362,
        "model": "timetable.myuser",
        "fields": {
            "first_name": "Kevin",
            "last_name": "Kuppens",
            "is_active": false,
            "is_superuser": false,
            "last_login": "2014-03-04T14:17:32.647Z",
            "groups": [],
            "user_permissions": [],
            "is_admin": false,
            "password": "pbkdf2_sha256$12000$qrY9LTYpTPFC$zjFTGswZhHyGEkmu7tOU/l6IBxfwOxrFblgVU0QF/zw=",
            "email": "",
            "date_joined": "2014-03-04T14:17:32.647Z"
        }
    },
    {
        "pk": 142574,
        "model": "timetable.myuser",
        "fields": {
            "first_name": "Josue",
            "last_name": "Kagmeni Tchokote",
            "is_active": false,
            "is_superuser": false,
            "last_login": "2014-03-04T14:17:11.761Z",
            "groups": [],
            "user_permissions": [],
            "is_admin": false,
            "password": "pbkdf2_sha256$12000$zRUSNlEolxnV$gwM1t/TjgqWA7odJrT66m14aEgx8AB2XuFZBLsN+5bg=",
            "email": "",
            "date_joined": "2014-03-04T14:17:11.761Z"
        }
    },
    {
        "pk": 142631,
        "model": "timetable.myuser",
        "fields": {
            "first_name": "Marie Christelle",
            "last_name": "Dongmo",
            "is_active": false,
            "is_superuser": false,
            "last_login": "2014-03-04T14:25:07.326Z",
            "groups": [],
            "user_permissions": [],
            "is_admin": false,
            "password": "pbkdf2_sha256$12000$G4zQBQfUJlJJ$pSWX7lkAweBbgriAx6wMCxXoFjfADZPRQ0RT5pbpuB4=",
            "email": "",
            "date_joined": "2014-03-04T14:25:07.326Z"
        }
    },
    {
        "pk": 500214,
        "model": "timetable.myuser",
        "fields": {
            "first_name": "Jo\u00ebl",
            "last_name": "De Coninck",
            "is_active": true,
            "is_superuser": false,
            "last_login": "2014-03-04T13:37:17.498Z",
            "groups": [],
            "user_permissions": [],
            "is_admin": false,
            "password": "pbkdf2_sha256$12000$oMt7EikQDf8u$A1K6moOVebV3F+biwr4jDtFz1SmsnLu2wSibH82xBDs=",
            "email": "",
            "date_joined": "2014-03-04T13:37:17.498Z"
        }
    },
    {
        "pk": 500284,
        "model": "timetable.myuser",
        "fields": {
            "first_name": "Olivier",
            "last_name": "Delgrange",
            "is_active": true,
            "is_superuser": false,
            "last_login": "2014-03-04T13:33:12.365Z",
            "groups": [],
            "user_permissions": [],
            "is_admin": false,
            "password": "pbkdf2_sha256$12000$dQWdEVAXGy13$qceiiO137exv9OQFcXDzovlPl2TukKhRlL+1jpoWVDA=",
            "email": "",
            "date_joined": "2014-03-04T13:33:12.365Z"
        }
    },
    {
        "pk": 500303,
        "model": "timetable.myuser",
        "fields": {
            "first_name": "Alain",
            "last_name": "Buys",
            "is_active": true,
            "is_superuser": false,
            "last_login": "2014-03-04T13:36:14.012Z",
            "groups": [],
            "user_permissions": [],
            "is_admin": false,
            "password": "pbkdf2_sha256$12000$tj4Uaz3m6FCB$FOxmIyir4dDABM2HLO/mz1cYdmgQ5R/66ULstdw8S5c=",
            "email": "",
            "date_joined": "2014-03-04T13:36:14.012Z"
        }
    },
    {
        "pk": 500721,
        "model": "timetable.myuser",
        "fields": {
            "first_name": "Christian",
            "last_name": "Michaux",
            "is_active": true,
            "is_superuser": false,
            "last_login": "2014-03-04T13:30:15.995Z",
            "groups": [],
            "user_permissions": [],
            "is_admin": false,
            "password": "pbkdf2_sha256$12000$qesWKUxydgFR$70k8QRptNjYHrzVtzvXw9Te4wPQALFhgAqKWvrhY/LQ=",
            "email": "",
            "date_joined": "2014-03-04T13:30:15.995Z"
        }
    },
    {
        "pk": 500724,
        "model": "timetable.myuser",
        "fields": {
            "first_name": "V\u00e9ronique",
            "last_name": "Bruy\u00e8re",
            "is_active": true,
            "is_superuser": false,
            "last_login": "2014-03-04T13:30:26.097Z",
            "groups": [],
            "user_permissions": [],
            "is_admin": false,
            "password": "pbkdf2_sha256$12000$agBJxSucVhmY$UzoDAAFVh+Qc70u0r2BNoxYPtWTJmd4Qkr1+nJ11wto=",
            "email": "",
            "date_joined": "2014-03-04T13:30:26.097Z"
        }
    },
    {
        "pk": 501112,
        "model": "timetable.myuser",
        "fields": {
            "first_name": "Marc",
            "last_name": "Labie",
            "is_active": true,
            "is_superuser": false,
            "last_login": "2014-03-04T13:38:00.176Z",
            "groups": [],
            "user_permissions": [],
            "is_admin": false,
            "password": "pbkdf2_sha256$12000$XANxrV9RocuQ$1z8u03LzIm+mMKRV5QHFf8USj21VvBhm5cJ2r72J29E=",
            "email": "",
            "date_joined": "2014-03-04T13:38:00.176Z"
        }
    },
    {
        "pk": 501116,
        "model": "timetable.myuser",
        "fields": {
            "first_name": "Christiane",
            "last_name": "Bughin",
            "is_active": true,
            "is_superuser": false,
            "last_login": "2014-03-04T13:37:38.857Z",
            "groups": [],
            "user_permissions": [],
            "is_admin": false,
            "password": "pbkdf2_sha256$12000$BSNtzv4P1KLR$oyKYiZkGpI0csnSG7c8/IWUUxJURSn2HvmfuCBUqdGw=",
            "email": "",
            "date_joined": "2014-03-04T13:37:38.857Z"
        }
    },
    {
        "pk": 501235,
        "model": "timetable.myuser",
        "fields": {
            "first_name": "St\u00e9phanie",
            "last_name": "Bridoux",
            "is_active": true,
            "is_superuser": false,
            "last_login": "2014-03-04T13:30:04.322Z",
            "groups": [],
            "user_permissions": [],
            "is_admin": false,
            "password": "pbkdf2_sha256$12000$MLbE2COqxjHa$2KvNJ5AODAV7q0SpQBGsVR0sOoZx/BGKqT3CdfWLt0k=",
            "email": "",
            "date_joined": "2014-03-04T13:30:04.322Z"
        }
    },
    {
        "pk": 501239,
        "model": "timetable.myuser",
        "fields": {
            "first_name": "Jef",
            "last_name": "Wijsen",
            "is_active": true,
            "is_superuser": false,
            "last_login": "2014-03-04T13:36:03.665Z",
            "groups": [],
            "user_permissions": [],
            "is_admin": false,
            "password": "pbkdf2_sha256$12000$yYXg52ZMIP45$s/c/KJ936ry5EM5f36ncfr1hAOwfKpaFa7eBbbTwD0k=",
            "email": "",
            "date_joined": "2014-03-04T13:36:03.665Z"
        }
    },
    {
        "pk": 501409,
        "model": "timetable.myuser",
        "fields": {
            "first_name": "Hadrien",
            "last_name": "M\u00e9lot",
            "is_active": true,
            "is_superuser": false,
            "last_login": "2014-03-04T13:29:51.483Z",
            "groups": [],
            "user_permissions": [],
            "is_admin": false,
            "password": "pbkdf2_sha256$12000$E9nJ0HYmQGYz$4Ej/9VCbtp7P73nk0m2M3cfdrpgCRgXBt/hKiERyiaE=",
            "email": "",
            "date_joined": "2014-03-04T13:29:51.483Z"
        }
    },
    {
        "pk": 501458,
        "model": "timetable.myuser",
        "fields": {
            "first_name": "Thomas",
            "last_name": "Brihaye",
            "is_active": true,
            "is_superuser": false,
            "last_login": "2014-03-04T13:28:53.913Z",
            "groups": [],
            "user_permissions": [],
            "is_admin": false,
            "password": "pbkdf2_sha256$12000$CEnr1YarHBoW$Cso/PezSuy5zHBRW6g8OWodCcSYUlsj33FfqSgTlRcI=",
            "email": "",
            "date_joined": "2014-03-04T13:28:53.913Z"
        }
    },
    {
        "pk": 503083,
        "model": "timetable.myuser",
        "fields": {
            "first_name": "Claire",
            "last_name": "Dupont",
            "is_active": true,
            "is_superuser": false,
            "last_login": "2014-03-04T13:34:01.268Z",
            "groups": [],
            "user_permissions": [],
            "is_admin": false,
            "password": "pbkdf2_sha256$12000$uSGteCee2dcq$UIi/pE3J1TguZlYpOITENoac6kAAFgoIiNjbrmgEOxI=",
            "email": "",
            "date_joined": "2014-03-04T13:34:01.268Z"
        }
    },
    {
        "pk": 503120,
        "model": "timetable.myuser",
        "fields": {
            "first_name": "Tom",
            "last_name": "Mens",
            "is_active": true,
            "is_superuser": false,
            "last_login": "2014-03-04T13:36:22.179Z",
            "groups": [],
            "user_permissions": [],
            "is_admin": false,
            "password": "pbkdf2_sha256$12000$Np0dLR0JhaAd$9mJSHkJrcqCtJigpxp15qyZbfMJGqvgwdQMiJVQuGcE=",
            "email": "",
            "date_joined": "2014-03-04T13:36:22.179Z"
        }
    },
    {
        "pk": 530054,
        "model": "timetable.myuser",
        "fields": {
            "first_name": "Pierre",
            "last_name": "Manneback",
            "is_active": true,
            "is_superuser": false,
            "last_login": "2014-03-04T13:37:28.390Z",
            "groups": [],
            "user_permissions": [],
            "is_admin": false,
            "password": "pbkdf2_sha256$12000$8UbRjS1fflcK$AflsLa8G+ODZW6EEy7/jVUHriOndBCDdmZPCDckHRV8=",
            "email": "",
            "date_joined": "2014-03-04T13:37:28.390Z"
        }
    },
    {
        "pk": 530164,
        "model": "timetable.myuser",
        "fields": {
            "first_name": "Thierry",
            "last_name": "Dutoit",
            "is_active": true,
            "is_superuser": false,
            "last_login": "2014-03-04T13:37:05.146Z",
            "groups": [],
            "user_permissions": [],
            "is_admin": false,
            "password": "pbkdf2_sha256$12000$zkgNUn3fvhoS$qd3vcdXd8mDl3+AGwqVUj7kSu8N3Yp4TwXPG6AXxA/s=",
            "email": "",
            "date_joined": "2014-03-04T13:37:05.146Z"
        }
    },
    {
        "pk": 530438,
        "model": "timetable.myuser",
        "fields": {
            "first_name": "Bruno",
            "last_name": "Quoitin",
            "is_active": true,
            "is_superuser": false,
            "last_login": "2014-03-04T13:37:49.051Z",
            "groups": [],
            "user_permissions": [],
            "is_admin": false,
            "password": "pbkdf2_sha256$12000$mH8rFJ1EsfZQ$056zruNTAJPfWAQbZbMfxnJ2FAlSU4gO66DlR0OyI20=",
            "email": "",
            "date_joined": "2014-03-04T13:37:49.052Z"
        }
    },
    {
        "pk": 530788,
        "model": "timetable.myuser",
        "fields": {
            "first_name": "Bjorn",
            "last_name": "Maes",
            "is_active": true,
            "is_superuser": false,
            "last_login": "2014-03-04T13:29:19.123Z",
            "groups": [],
            "user_permissions": [],
            "is_admin": false,
            "password": "pbkdf2_sha256$12000$h5gvOiBIAerZ$yvulTfgfZXmwuwgkFLcUjzro3ES8UudIzUMLRj/lW0Q=",
            "email": "",
            "date_joined": "2014-03-04T13:29:19.123Z"
        }
    },
    {
        "pk": 531809,
        "model": "timetable.myuser",
        "fields": {
            "first_name": "Nicolas",
            "last_name": "Gillis",
            "is_active": true,
            "is_superuser": false,
            "last_login": "2014-03-04T13:36:35.001Z",
            "groups": [],
            "user_permissions": [],
            "is_admin": false,
            "password": "pbkdf2_sha256$12000$JyU1IaQYdRs7$fiuYDIJ8K7KillEGqA7/cu+qUwmvCAVVz3lsrHqRVgQ=",
            "email": "",
            "date_joined": "2014-03-04T13:36:35.001Z"
        }
    },
    {
        "pk": 531817,
        "model": "timetable.myuser",
        "fields": {
            "first_name": "Gauvain",
            "last_name": "Devillez",
            "is_active": true,
            "is_superuser": false,
            "last_login": "2014-03-04T13:36:53.985Z",
            "groups": [],
            "user_permissions": [],
            "is_admin": false,
            "password": "pbkdf2_sha256$12000$x8MP1YF9Ho0d$yWPztcFOwEv4dybdiIiax6L2oPB04NZ7JBs5MFOZUdI=",
            "email": "",
            "date_joined": "2014-03-04T13:36:53.985Z"
        }
    },
    {
        "pk": 500214,
        "model": "timetable.professor",
        "fields": {
            "user_permissions": [],
            "groups": []
        }
    },
    {
        "pk": 500284,
        "model": "timetable.professor",
        "fields": {
            "user_permissions": [],
            "groups": []
        }
    },
    {
        "pk": 500303,
        "model": "timetable.professor",
        "fields": {
            "user_permissions": [],
            "groups": []
        }
    },
    {
        "pk": 500721,
        "model": "timetable.professor",
        "fields": {
            "user_permissions": [],
            "groups": []
        }
    },
    {
        "pk": 500724,
        "model": "timetable.professor",
        "fields": {
            "user_permissions": [],
            "groups": []
        }
    },
    {
        "pk": 501112,
        "model": "timetable.professor",
        "fields": {
            "user_permissions": [],
            "groups": []
        }
    },
    {
        "pk": 501116,
        "model": "timetable.professor",
        "fields": {
            "user_permissions": [],
            "groups": []
        }
    },
    {
        "pk": 501235,
        "model": "timetable.professor",
        "fields": {
            "user_permissions": [],
            "groups": []
        }
    },
    {
        "pk": 501239,
        "model": "timetable.professor",
        "fields": {
            "user_permissions": [],
            "groups": []
        }
    },
    {
        "pk": 501409,
        "model": "timetable.professor",
        "fields": {
            "user_permissions": [],
            "groups": []
        }
    },
    {
        "pk": 501458,
        "model": "timetable.professor",
        "fields": {
            "user_permissions": [],
            "groups": []
        }
    },
    {
        "pk": 503083,
        "model": "timetable.professor",
        "fields": {
            "user_permissions": [],
            "groups": []
        }
    },
    {
        "pk": 503120,
        "model": "timetable.professor",
        "fields": {
            "user_permissions": [],
            "groups": []
        }
    },
    {
        "pk": 530054,
        "model": "timetable.professor",
        "fields": {
            "user_permissions": [],
            "groups": []
        }
    },
    {
        "pk": 530164,
        "model": "timetable.professor",
        "fields": {
            "user_permissions": [],
            "groups": []
        }
    },
    {
        "pk": 530438,
        "model": "timetable.professor",
        "fields": {
            "user_permissions": [],
            "groups": []
        }
    },
    {
        "pk": 530788,
        "model": "timetable.professor",
        "fields": {
            "user_permissions": [],
            "groups": []
        }
    },
    {
        "pk": 531809,
        "model": "timetable.professor",
        "fields": {
            "user_permissions": [],
            "groups": []
        }
    },
    {
        "pk": 531817,
        "model": "timetable.professor",
        "fields": {
            "user_permissions": [],
            "groups": []
        }
    },
    {
        "pk": 60077,
        "model": "timetable.student",
        "fields": {
            "user_permissions": [],
            "groups": []
        }
    },
    {
        "pk": 70160,
        "model": "timetable.student",
        "fields": {
            "user_permissions": [],
            "groups": []
        }
    },
    {
        "pk": 80071,
        "model": "timetable.student",
        "fields": {
            "user_permissions": [],
            "groups": []
        }
    },
    {
        "pk": 80086,
        "model": "timetable.student",
        "fields": {
            "user_permissions": [],
            "groups": []
        }
    },
    {
        "pk": 80179,
        "model": "timetable.student",
        "fields": {
            "user_permissions": [],
            "groups": []
        }
    },
    {
        "pk": 80222,
        "model": "timetable.student",
        "fields": {
            "user_permissions": [],
            "groups": []
        }
    },
    {
        "pk": 80281,
        "model": "timetable.student",
        "fields": {
            "user_permissions": [],
            "groups": []
        }
    },
    {
        "pk": 80850,
        "model": "timetable.student",
        "fields": {
            "user_permissions": [],
            "groups": []
        }
    },
    {
        "pk": 81408,
        "model": "timetable.student",
        "fields": {
            "user_permissions": [],
            "groups": []
        }
    },
    {
        "pk": 99031,
        "model": "timetable.student",
        "fields": {
            "user_permissions": [],
            "groups": []
        }
    },
    {
        "pk": 100410,
        "model": "timetable.student",
        "fields": {
            "user_permissions": [],
            "groups": []
        }
    },
    {
        "pk": 100456,
        "model": "timetable.student",
        "fields": {
            "user_permissions": [],
            "groups": []
        }
    },
    {
        "pk": 101008,
        "model": "timetable.student",
        "fields": {
            "user_permissions": [],
            "groups": []
        }
    },
    {
        "pk": 101244,
        "model": "timetable.student",
        "fields": {
            "user_permissions": [],
            "groups": []
        }
    },
    {
        "pk": 110093,
        "model": "timetable.student",
        "fields": {
            "user_permissions": [],
            "groups": []
        }
    },
    {
        "pk": 110536,
        "model": "timetable.student",
        "fields": {
            "user_permissions": [],
            "groups": []
        }
    },
    {
        "pk": 110548,
        "model": "timetable.student",
        "fields": {
            "user_permissions": [],
            "groups": []
        }
    },
    {
        "pk": 110787,
        "model": "timetable.student",
        "fields": {
            "user_permissions": [],
            "groups": []
        }
    },
    {
        "pk": 111011,
        "model": "timetable.student",
        "fields": {
            "user_permissions": [],
            "groups": []
        }
    },
    {
        "pk": 111034,
        "model": "timetable.student",
        "fields": {
            "user_permissions": [],
            "groups": []
        }
    },
    {
        "pk": 111177,
        "model": "timetable.student",
        "fields": {
            "user_permissions": [],
            "groups": []
        }
    },
    {
        "pk": 111407,
        "model": "timetable.student",
        "fields": {
            "user_permissions": [],
            "groups": []
        }
    },
    {
        "pk": 111425,
        "model": "timetable.student",
        "fields": {
            "user_permissions": [],
            "groups": []
        }
    },
    {
        "pk": 120020,
        "model": "timetable.student",
        "fields": {
            "user_permissions": [],
            "groups": []
        }
    },
    {
        "pk": 120290,
        "model": "timetable.student",
        "fields": {
            "user_permissions": [],
            "groups": []
        }
    },
    {
        "pk": 120367,
        "model": "timetable.student",
        "fields": {
            "user_permissions": [],
            "groups": []
        }
    },
    {
        "pk": 120531,
        "model": "timetable.student",
        "fields": {
            "user_permissions": [],
            "groups": []
        }
    },
    {
        "pk": 120678,
        "model": "timetable.student",
        "fields": {
            "user_permissions": [],
            "groups": []
        }
    },
    {
        "pk": 120717,
        "model": "timetable.student",
        "fields": {
            "user_permissions": [],
            "groups": []
        }
    },
    {
        "pk": 121044,
        "model": "timetable.student",
        "fields": {
            "user_permissions": [],
            "groups": []
        }
    },
    {
        "pk": 121559,
        "model": "timetable.student",
        "fields": {
            "user_permissions": [],
            "groups": []
        }
    },
    {
        "pk": 121568,
        "model": "timetable.student",
        "fields": {
            "user_permissions": [],
            "groups": []
        }
    },
    {
        "pk": 121609,
        "model": "timetable.student",
        "fields": {
            "user_permissions": [],
            "groups": []
        }
    },
    {
        "pk": 121615,
        "model": "timetable.student",
        "fields": {
            "user_permissions": [],
            "groups": []
        }
    },
    {
        "pk": 121935,
        "model": "timetable.student",
        "fields": {
            "user_permissions": [],
            "groups": []
        }
    },
    {
        "pk": 121987,
        "model": "timetable.student",
        "fields": {
            "user_permissions": [],
            "groups": []
        }
    },
    {
        "pk": 122055,
        "model": "timetable.student",
        "fields": {
            "user_permissions": [],
            "groups": []
        }
    },
    {
        "pk": 122075,
        "model": "timetable.student",
        "fields": {
            "user_permissions": [],
            "groups": []
        }
    },
    {
        "pk": 122174,
        "model": "timetable.student",
        "fields": {
            "user_permissions": [],
            "groups": []
        }
    },
    {
        "pk": 122267,
        "model": "timetable.student",
        "fields": {
            "user_permissions": [],
            "groups": []
        }
    },
    {
        "pk": 130089,
        "model": "timetable.student",
        "fields": {
            "user_permissions": [],
            "groups": []
        }
    },
    {
        "pk": 130104,
        "model": "timetable.student",
        "fields": {
            "user_permissions": [],
            "groups": []
        }
    },
    {
        "pk": 130329,
        "model": "timetable.student",
        "fields": {
            "user_permissions": [],
            "groups": []
        }
    },
    {
        "pk": 130538,
        "model": "timetable.student",
        "fields": {
            "user_permissions": [],
            "groups": []
        }
    },
    {
        "pk": 130649,
        "model": "timetable.student",
        "fields": {
            "user_permissions": [],
            "groups": []
        }
    },
    {
        "pk": 130702,
        "model": "timetable.student",
        "fields": {
            "user_permissions": [],
            "groups": []
        }
    },
    {
        "pk": 130792,
        "model": "timetable.student",
        "fields": {
            "user_permissions": [],
            "groups": []
        }
    },
    {
        "pk": 130816,
        "model": "timetable.student",
        "fields": {
            "user_permissions": [],
            "groups": []
        }
    },
    {
        "pk": 130852,
        "model": "timetable.student",
        "fields": {
            "user_permissions": [],
            "groups": []
        }
    },
    {
        "pk": 130900,
        "model": "timetable.student",
        "fields": {
            "user_permissions": [],
            "groups": []
        }
    },
    {
        "pk": 130936,
        "model": "timetable.student",
        "fields": {
            "user_permissions": [],
            "groups": []
        }
    },
    {
        "pk": 131004,
        "model": "timetable.student",
        "fields": {
            "user_permissions": [],
            "groups": []
        }
    },
    {
        "pk": 131183,
        "model": "timetable.student",
        "fields": {
            "user_permissions": [],
            "groups": []
        }
    },
    {
        "pk": 131246,
        "model": "timetable.student",
        "fields": {
            "user_permissions": [],
            "groups": []
        }
    },
    {
        "pk": 131551,
        "model": "timetable.student",
        "fields": {
            "user_permissions": [],
            "groups": []
        }
    },
    {
        "pk": 131643,
        "model": "timetable.student",
        "fields": {
            "user_permissions": [],
            "groups": []
        }
    },
    {
        "pk": 131803,
        "model": "timetable.student",
        "fields": {
            "user_permissions": [],
            "groups": []
        }
    },
    {
        "pk": 131832,
        "model": "timetable.student",
        "fields": {
            "user_permissions": [],
            "groups": []
        }
    },
    {
        "pk": 131965,
        "model": "timetable.student",
        "fields": {
            "user_permissions": [],
            "groups": []
        }
    },
    {
        "pk": 132151,
        "model": "timetable.student",
        "fields": {
            "user_permissions": [],
            "groups": []
        }
    },
    {
        "pk": 132218,
        "model": "timetable.student",
        "fields": {
            "user_permissions": [],
            "groups": []
        }
    },
    {
        "pk": 132241,
        "model": "timetable.student",
        "fields": {
            "user_permissions": [],
            "groups": []
        }
    },
    {
        "pk": 140039,
        "model": "timetable.student",
        "fields": {
            "user_permissions": [],
            "groups": []
        }
    },
    {
        "pk": 140057,
        "model": "timetable.student",
        "fields": {
            "user_permissions": [],
            "groups": []
        }
    },
    {
        "pk": 140142,
        "model": "timetable.student",
        "fields": {
            "user_permissions": [],
            "groups": []
        }
    },
    {
        "pk": 140223,
        "model": "timetable.student",
        "fields": {
            "user_permissions": [],
            "groups": []
        }
    },
    {
        "pk": 140269,
        "model": "timetable.student",
        "fields": {
            "user_permissions": [],
            "groups": []
        }
    },
    {
        "pk": 140294,
        "model": "timetable.student",
        "fields": {
            "user_permissions": [],
            "groups": []
        }
    },
    {
        "pk": 140312,
        "model": "timetable.student",
        "fields": {
            "user_permissions": [],
            "groups": []
        }
    },
    {
        "pk": 140320,
        "model": "timetable.student",
        "fields": {
            "user_permissions": [],
            "groups": []
        }
    },
    {
        "pk": 140331,
        "model": "timetable.student",
        "fields": {
            "user_permissions": [],
            "groups": []
        }
    },
    {
        "pk": 140339,
        "model": "timetable.student",
        "fields": {
            "user_permissions": [],
            "groups": []
        }
    },
    {
        "pk": 140358,
        "model": "timetable.student",
        "fields": {
            "user_permissions": [],
            "groups": []
        }
    },
    {
        "pk": 140359,
        "model": "timetable.student",
        "fields": {
            "user_permissions": [],
            "groups": []
        }
    },
    {
        "pk": 140374,
        "model": "timetable.student",
        "fields": {
            "user_permissions": [],
            "groups": []
        }
    },
    {
        "pk": 140381,
        "model": "timetable.student",
        "fields": {
            "user_permissions": [],
            "groups": []
        }
    },
    {
        "pk": 140412,
        "model": "timetable.student",
        "fields": {
            "user_permissions": [],
            "groups": []
        }
    },
    {
        "pk": 140444,
        "model": "timetable.student",
        "fields": {
            "user_permissions": [],
            "groups": []
        }
    },
    {
        "pk": 140474,
        "model": "timetable.student",
        "fields": {
            "user_permissions": [],
            "groups": []
        }
    },
    {
        "pk": 140476,
        "model": "timetable.student",
        "fields": {
            "user_permissions": [],
            "groups": []
        }
    },
    {
        "pk": 140591,
        "model": "timetable.student",
        "fields": {
            "user_permissions": [],
            "groups": []
        }
    },
    {
        "pk": 140649,
        "model": "timetable.student",
        "fields": {
            "user_permissions": [],
            "groups": []
        }
    },
    {
        "pk": 140675,
        "model": "timetable.student",
        "fields": {
            "user_permissions": [],
            "groups": []
        }
    },
    {
        "pk": 140777,
        "model": "timetable.student",
        "fields": {
            "user_permissions": [],
            "groups": []
        }
    },
    {
        "pk": 140794,
        "model": "timetable.student",
        "fields": {
            "user_permissions": [],
            "groups": []
        }
    },
    {
        "pk": 140796,
        "model": "timetable.student",
        "fields": {
            "user_permissions": [],
            "groups": []
        }
    },
    {
        "pk": 140804,
        "model": "timetable.student",
        "fields": {
            "user_permissions": [],
            "groups": []
        }
    },
    {
        "pk": 140808,
        "model": "timetable.student",
        "fields": {
            "user_permissions": [],
            "groups": []
        }
    },
    {
        "pk": 140813,
        "model": "timetable.student",
        "fields": {
            "user_permissions": [],
            "groups": []
        }
    },
    {
        "pk": 140832,
        "model": "timetable.student",
        "fields": {
            "user_permissions": [],
            "groups": []
        }
    },
    {
        "pk": 140849,
        "model": "timetable.student",
        "fields": {
            "user_permissions": [],
            "groups": []
        }
    },
    {
        "pk": 140859,
        "model": "timetable.student",
        "fields": {
            "user_permissions": [],
            "groups": []
        }
    },
    {
        "pk": 140867,
        "model": "timetable.student",
        "fields": {
            "user_permissions": [],
            "groups": []
        }
    },
    {
        "pk": 140897,
        "model": "timetable.student",
        "fields": {
            "user_permissions": [],
            "groups": []
        }
    },
    {
        "pk": 140923,
        "model": "timetable.student",
        "fields": {
            "user_permissions": [],
            "groups": []
        }
    },
    {
        "pk": 140940,
        "model": "timetable.student",
        "fields": {
            "user_permissions": [],
            "groups": []
        }
    },
    {
        "pk": 141081,
        "model": "timetable.student",
        "fields": {
            "user_permissions": [],
            "groups": []
        }
    },
    {
        "pk": 141097,
        "model": "timetable.student",
        "fields": {
            "user_permissions": [],
            "groups": []
        }
    },
    {
        "pk": 141103,
        "model": "timetable.student",
        "fields": {
            "user_permissions": [],
            "groups": []
        }
    },
    {
        "pk": 141129,
        "model": "timetable.student",
        "fields": {
            "user_permissions": [],
            "groups": []
        }
    },
    {
        "pk": 141168,
        "model": "timetable.student",
        "fields": {
            "user_permissions": [],
            "groups": []
        }
    },
    {
        "pk": 141193,
        "model": "timetable.student",
        "fields": {
            "user_permissions": [],
            "groups": []
        }
    },
    {
        "pk": 141197,
        "model": "timetable.student",
        "fields": {
            "user_permissions": [],
            "groups": []
        }
    },
    {
        "pk": 141211,
        "model": "timetable.student",
        "fields": {
            "user_permissions": [],
            "groups": []
        }
    },
    {
        "pk": 141212,
        "model": "timetable.student",
        "fields": {
            "user_permissions": [],
            "groups": []
        }
    },
    {
        "pk": 141219,
        "model": "timetable.student",
        "fields": {
            "user_permissions": [],
            "groups": []
        }
    },
    {
        "pk": 141357,
        "model": "timetable.student",
        "fields": {
            "user_permissions": [],
            "groups": []
        }
    },
    {
        "pk": 141362,
        "model": "timetable.student",
        "fields": {
            "user_permissions": [],
            "groups": []
        }
    },
    {
        "pk": 141371,
        "model": "timetable.student",
        "fields": {
            "user_permissions": [],
            "groups": []
        }
    },
    {
        "pk": 141386,
        "model": "timetable.student",
        "fields": {
            "user_permissions": [],
            "groups": []
        }
    },
    {
        "pk": 141436,
        "model": "timetable.student",
        "fields": {
            "user_permissions": [],
            "groups": []
        }
    },
    {
        "pk": 141448,
        "model": "timetable.student",
        "fields": {
            "user_permissions": [],
            "groups": []
        }
    },
    {
        "pk": 141501,
        "model": "timetable.student",
        "fields": {
            "user_permissions": [],
            "groups": []
        }
    },
    {
        "pk": 141550,
        "model": "timetable.student",
        "fields": {
            "user_permissions": [],
            "groups": []
        }
    },
    {
        "pk": 141571,
        "model": "timetable.student",
        "fields": {
            "user_permissions": [],
            "groups": []
        }
    },
    {
        "pk": 141585,
        "model": "timetable.student",
        "fields": {
            "user_permissions": [],
            "groups": []
        }
    },
    {
        "pk": 141662,
        "model": "timetable.student",
        "fields": {
            "user_permissions": [],
            "groups": []
        }
    },
    {
        "pk": 141684,
        "model": "timetable.student",
        "fields": {
            "user_permissions": [],
            "groups": []
        }
    },
    {
        "pk": 141731,
        "model": "timetable.student",
        "fields": {
            "user_permissions": [],
            "groups": []
        }
    },
    {
        "pk": 141746,
        "model": "timetable.student",
        "fields": {
            "user_permissions": [],
            "groups": []
        }
    },
    {
        "pk": 141799,
        "model": "timetable.student",
        "fields": {
            "user_permissions": [],
            "groups": []
        }
    },
    {
        "pk": 141802,
        "model": "timetable.student",
        "fields": {
            "user_permissions": [],
            "groups": []
        }
    },
    {
        "pk": 141819,
        "model": "timetable.student",
        "fields": {
            "user_permissions": [],
            "groups": []
        }
    },
    {
        "pk": 141869,
        "model": "timetable.student",
        "fields": {
            "user_permissions": [],
            "groups": []
        }
    },
    {
        "pk": 141943,
        "model": "timetable.student",
        "fields": {
            "user_permissions": [],
            "groups": []
        }
    },
    {
        "pk": 142189,
        "model": "timetable.student",
        "fields": {
            "user_permissions": [],
            "groups": []
        }
    },
    {
        "pk": 142289,
        "model": "timetable.student",
        "fields": {
            "user_permissions": [],
            "groups": []
        }
    },
    {
        "pk": 142330,
        "model": "timetable.student",
        "fields": {
            "user_permissions": [],
            "groups": []
        }
    },
    {
        "pk": 142362,
        "model": "timetable.student",
        "fields": {
            "user_permissions": [],
            "groups": []
        }
    },
    {
        "pk": 142574,
        "model": "timetable.student",
        "fields": {
            "user_permissions": [],
            "groups": []
        }
    },
    {
        "pk": 142631,
        "model": "timetable.student",
        "fields": {
            "user_permissions": [],
            "groups": []
        }
    },
    {
        "pk": 1,
        "model": "timetable.faculty",
        "fields": {
            "name": "Sciences"
        }
    },
    {
        "pk": 1,
        "model": "timetable.roomtype",
        "fields": {
            "name": "Amphith\u00e9atre"
        }
    },
    {
        "pk": 2,
        "model": "timetable.roomtype",
        "fields": {
            "name": "Classe"
        }
    },
    {
        "pk": 3,
        "model": "timetable.roomtype",
        "fields": {
            "name": "Salle Informatique"
        }
    },
    {
        "pk": 4,
        "model": "timetable.roomtype",
        "fields": {
            "name": "Laboratoire"
        }
    },
    {
        "pk": 1,
        "model": "timetable.room",
        "fields": {
            "faculty": 1,
            "capacity": 250,
            "room_type": 1,
            "name": "NiGa. Curie"
        }
    },
    {
        "pk": 2,
        "model": "timetable.room",
        "fields": {
            "faculty": 1,
            "capacity": 34,
            "room_type": 3,
            "name": "NiGa. Escher"
        }
    },
    {
        "pk": 3,
        "model": "timetable.room",
        "fields": {
            "faculty": 1,
            "capacity": 350,
            "room_type": 1,
            "name": "NiGa. Gutenberg"
        }
    },
    {
        "pk": 4,
        "model": "timetable.room",
        "fields": {
            "faculty": 1,
            "capacity": 40,
            "room_type": 3,
            "name": "NiGa. Pascal"
        }
    },
    {
        "pk": 5,
        "model": "timetable.room",
        "fields": {
            "faculty": 1,
            "capacity": 108,
            "room_type": 2,
            "name": "NiGa. Plisnier"
        }
    },
    {
        "pk": 6,
        "model": "timetable.room",
        "fields": {
            "faculty": 1,
            "capacity": 36,
            "room_type": 3,
            "name": "NiGa. Turing"
        }
    },
    {
        "pk": 7,
        "model": "timetable.room",
        "fields": {
            "faculty": 1,
            "capacity": 450,
            "room_type": 1,
            "name": "NiGa. VanGogh"
        }
    },
    {
        "pk": 8,
        "model": "timetable.room",
        "fields": {
            "faculty": 1,
            "capacity": 51,
            "room_type": 2,
            "name": "NiP. 0A07"
        }
    },
    {
        "pk": 9,
        "model": "timetable.room",
        "fields": {
            "faculty": 1,
            "capacity": 51,
            "room_type": 2,
            "name": "NiP. 0A11"
        }
    },
    {
        "pk": 10,
        "model": "timetable.room",
        "fields": {
            "faculty": 1,
            "capacity": 54,
            "room_type": 2,
            "name": "NiP. 3C09"
        }
    },
    {
        "pk": 11,
        "model": "timetable.room",
        "fields": {
            "faculty": 1,
            "capacity": 25,
            "room_type": 2,
            "name": "NiP. 3E10"
        }
    },
    {
        "pk": 12,
        "model": "timetable.room",
        "fields": {
            "faculty": 1,
            "capacity": 25,
            "room_type": 2,
            "name": "NiP. 3E11"
        }
    },
    {
        "pk": 13,
        "model": "timetable.room",
        "fields": {
            "faculty": 1,
            "capacity": 35,
            "room_type": 2,
            "name": "NiP. 3E20"
        }
    },
    {
        "pk": 1,
        "model": "timetable.exam",
        "fields": {
            "room": null,
            "students": [
                120290,
                120367,
                121044,
                121609,
                130538,
                130852,
                130900,
                131004,
                131551,
                131643,
                131832,
                131965,
                140039,
                140057,
                140142,
                140223,
                140269,
                140294,
                140312,
                140320,
                140331,
                140339,
                140358,
                140359,
                140374,
                140381,
                140412,
                140444,
                140474,
                140476,
                140591,
                140649,
                140675,
                140796,
                140804,
                140808,
                140832,
                140849,
                140859,
                140867,
                140897,
                140923,
                140940,
                141081,
                141103,
                141129,
                141168,
                141193,
                141197,
                141211,
                141212,
                141219,
                141362,
                141371,
                141386,
                141436,
                141448,
                141501,
                141550,
                141571,
                141585,
                141662,
                141731,
                141746,
                141799,
                141819,
                141869,
                142189,
                142289,
                142362,
                142574
            ],
            "professor": 501458,
            "faculty": 1,
            "dependencies": null,
            "timeslot": null,
            "room_type": 1,
            "name": "Math\u00e9matiques pour l'info I"
        }
    },
    {
        "pk": 2,
        "model": "timetable.exam",
        "fields": {
            "room": null,
            "students": [
                120290,
                120367,
                121044,
                121609,
                130538,
                130852,
                130900,
                131004,
                131551,
                131643,
                131832,
                131965,
                140039,
                140057,
                140142,
                140223,
                140269,
                140294,
                140312,
                140320,
                140331,
                140339,
                140358,
                140359,
                140374,
                140381,
                140412,
                140444,
                140474,
                140476,
                140591,
                140649,
                140675,
                140796,
                140804,
                140808,
                140832,
                140849,
                140859,
                140867,
                140897,
                140923,
                140940,
                141081,
                141103,
                141129,
                141168,
                141193,
                141197,
                141211,
                141212,
                141219,
                141362,
                141371,
                141386,
                141436,
                141448,
                141501,
                141550,
                141571,
                141585,
                141662,
                141731,
                141746,
                141799,
                141819,
                141869,
                142189,
                142289,
                142362,
                142574
            ],
            "professor": 501235,
            "faculty": 1,
            "dependencies": null,
            "timeslot": null,
            "room_type": 1,
            "name": "Math\u00e9matiques \u00e9l\u00e9mentaires"
        }
    },
    {
        "pk": 3,
        "model": "timetable.exam",
        "fields": {
            "room": null,
            "students": [
                120290,
                120367,
                121044,
                121609,
                130538,
                130852,
                130900,
                131004,
                131551,
                131643,
                131832,
                131965,
                140039,
                140057,
                140142,
                140223,
                140269,
                140294,
                140312,
                140320,
                140331,
                140339,
                140358,
                140359,
                140374,
                140381,
                140412,
                140444,
                140474,
                140476,
                140591,
                140649,
                140675,
                140796,
                140804,
                140808,
                140832,
                140849,
                140859,
                140867,
                140897,
                140923,
                140940,
                141081,
                141103,
                141129,
                141168,
                141193,
                141197,
                141211,
                141212,
                141219,
                141362,
                141371,
                141386,
                141436,
                141448,
                141501,
                141550,
                141571,
                141585,
                141662,
                141731,
                141746,
                141799,
                141819,
                141869,
                142189,
                142289,
                142362,
                142574
            ],
            "professor": 530788,
            "faculty": 1,
            "dependencies": null,
            "timeslot": null,
            "room_type": 1,
            "name": "Physique g\u00e9n\u00e9ral"
        }
    },
    {
        "pk": 4,
        "model": "timetable.exam",
        "fields": {
            "room": null,
            "students": [
                120290,
                120367,
                121044,
                121609,
                130538,
                130852,
                130900,
                131004,
                131551,
                131643,
                131832,
                131965,
                140039,
                140057,
                140142,
                140223,
                140269,
                140294,
                140312,
                140320,
                140331,
                140339,
                140358,
                140359,
                140374,
                140381,
                140412,
                140444,
                140474,
                140476,
                140591,
                140649,
                140675,
                140796,
                140804,
                140808,
                140832,
                140849,
                140859,
                140867,
                140897,
                140923,
                140940,
                141081,
                141103,
                141129,
                141168,
                141193,
                141197,
                141211,
                141212,
                141219,
                141362,
                141371,
                141386,
                141436,
                141448,
                141501,
                141550,
                141571,
                141585,
                141662,
                141731,
                141746,
                141799,
                141819,
                141869,
                142189,
                142289,
                142362,
                142574
            ],
            "professor": 501409,
            "faculty": 1,
            "dependencies": null,
            "timeslot": null,
            "room_type": 1,
            "name": "Programmation & algorithmique I"
        }
    },
    {
        "pk": 5,
        "model": "timetable.exam",
        "fields": {
            "room": null,
            "students": [
                111034,
                111407,
                111425,
                120020,
                120531,
                120678,
                120717,
                121559,
                121568,
                121615,
                121987,
                130089,
                130104,
                130329,
                130649,
                130702,
                130792,
                130816,
                131183,
                131246,
                131803
            ],
            "professor": 500284,
            "faculty": 1,
            "dependencies": null,
            "timeslot": null,
            "room_type": 2,
            "name": "Syst\u00e8mes d'exploitation (\u00c9crit)"
        }
    },
    {
        "pk": 6,
        "model": "timetable.exam",
        "fields": {
            "room": null,
            "students": [
                111034,
                111407,
                111425,
                120020,
                120531,
                120678,
                120717,
                121559,
                121568,
                121615,
                121987,
                130089,
                130104,
                130329,
                130649,
                130702,
                130792,
                130816,
                131183,
                131246,
                131803
            ],
            "professor": 501239,
            "faculty": 1,
            "dependencies": null,
            "timeslot": null,
            "room_type": 2,
            "name": "Base de donn\u00e9es I"
        }
    },
    {
        "pk": 7,
        "model": "timetable.exam",
        "fields": {
            "room": null,
            "students": [
                111034,
                111407,
                111425,
                120020,
                120531,
                120678,
                120717,
                121559,
                121568,
                121615,
                121987,
                130089,
                130104,
                130329,
                130649,
                130702,
                130792,
                130816,
                131183,
                131246,
                131803
            ],
            "professor": 500303,
            "faculty": 1,
            "dependencies": 6,
            "timeslot": null,
            "room_type": 2,
            "name": "Base de donn\u00e9es I (SQL)"
        }
    },
    {
        "pk": 8,
        "model": "timetable.exam",
        "fields": {
            "room": null,
            "students": [
                111034,
                111407,
                111425,
                120020,
                120531,
                120678,
                120717,
                121559,
                121568,
                121615,
                121987,
                130089,
                130104,
                130329,
                130649,
                130702,
                130792,
                130816,
                131183,
                131246,
                131803
            ],
            "professor": 531817,
            "faculty": 1,
            "dependencies": null,
            "timeslot": null,
            "room_type": 1,
            "name": "Anglais"
        }
    },
    {
        "pk": 9,
        "model": "timetable.exam",
        "fields": {
            "room": null,
            "students": [
                111034,
                111407,
                111425,
                120020,
                120531,
                120678,
                120717,
                121559,
                121568,
                121615,
                121987,
                130089,
                130104,
                130329,
                130649,
                130702,
                130792,
                130816,
                131183,
                131246,
                131803
            ],
            "professor": 500724,
            "faculty": 1,
            "dependencies": null,
            "timeslot": null,
            "room_type": 2,
            "name": "Structure de donn\u00e9es I"
        }
    },
    {
        "pk": 10,
        "model": "timetable.exam",
        "fields": {
            "room": null,
            "students": [
                111034,
                111407,
                111425,
                120020,
                120531,
                120678,
                120717,
                121559,
                121568,
                121615,
                121987,
                130089,
                130104,
                130329,
                130649,
                130702,
                130792,
                130816,
                131183,
                131246,
                131803
            ],
            "professor": 503083,
            "faculty": 1,
            "dependencies": null,
            "timeslot": null,
            "room_type": 1,
            "name": "\u00c9conomie politique"
        }
    },
    {
        "pk": 11,
        "model": "timetable.exam",
        "fields": {
            "room": null,
            "students": [
                111034,
                111407,
                111425,
                120020,
                120531,
                120678,
                120717,
                121559,
                121568,
                121615,
                121987,
                130089,
                130104,
                130329,
                130649,
                130702,
                130792,
                130816,
                131183,
                131246,
                131803
            ],
            "professor": 503120,
            "faculty": 1,
            "dependencies": null,
            "timeslot": null,
            "room_type": 2,
            "name": "G\u00e9nie logiciel"
        }
    },
    {
        "pk": 12,
        "model": "timetable.exam",
        "fields": {
            "room": null,
            "students": [
                111034,
                111407,
                111425,
                120020,
                120531,
                120678,
                120717,
                121559,
                121568,
                121615,
                121987,
                130089,
                130104,
                130329,
                130649,
                130702,
                130792,
                130816,
                131183,
                131246,
                131803
            ],
            "professor": 531809,
            "faculty": 1,
            "dependencies": null,
            "timeslot": null,
            "room_type": 2,
            "name": "Optimisation"
        }
    },
    {
        "pk": 13,
        "model": "timetable.exam",
        "fields": {
            "room": null,
            "students": [
                111034,
                111407,
                111425,
                120020,
                120531,
                120678,
                120717,
                121559,
                121568,
                121615,
                121987,
                130089,
                130104,
                130329,
                130649,
                130702,
                130792,
                130816,
                131183,
                131246,
                131803
            ],
            "professor": 500284,
            "faculty": 1,
            "dependencies": null,
            "timeslot": null,
            "room_type": 2,
            "name": "Syst\u00e8mes d'exploitation (Oral)"
        }
    },
    {
        "pk": 14,
        "model": "timetable.exam",
        "fields": {
            "room": null,
            "students": [
                80850,
                100456,
                101244,
                110536,
                111177,
                132151
            ],
            "professor": 530164,
            "faculty": 1,
            "dependencies": null,
            "timeslot": null,
            "room_type": 2,
            "name": "Traitement du signal"
        }
    },
    {
        "pk": 15,
        "model": "timetable.exam",
        "fields": {
            "room": null,
            "students": [
                80850,
                100456,
                101244,
                110536,
                111177,
                132151
            ],
            "professor": 500724,
            "faculty": 1,
            "dependencies": null,
            "timeslot": null,
            "room_type": 2,
            "name": "Structure de donn\u00e9es III"
        }
    },
    {
        "pk": 16,
        "model": "timetable.exam",
        "fields": {
            "room": null,
            "students": [
                80850,
                100456,
                101244,
                110536,
                111177,
                132151
            ],
            "professor": 500214,
            "faculty": 1,
            "dependencies": null,
            "timeslot": null,
            "room_type": 2,
            "name": "Proba et th\u00e9orie des erreurs"
        }
    },
    {
        "pk": 17,
        "model": "timetable.exam",
        "fields": {
            "room": null,
            "students": [
                80850,
                100456,
                101244,
                110536,
                111177,
                132151
            ],
            "professor": 530054,
            "faculty": 1,
            "dependencies": null,
            "timeslot": null,
            "room_type": 3,
            "name": "Informatique temps r\u00e9el"
        }
    },
    {
        "pk": 18,
        "model": "timetable.exam",
        "fields": {
            "room": null,
            "students": [
                80850,
                100456,
                101244,
                110536,
                111177,
                132151
            ],
            "professor": 503120,
            "faculty": 1,
            "dependencies": null,
            "timeslot": null,
            "room_type": 2,
            "name": "Programmation d\u00e9clarative"
        }
    },
    {
        "pk": 19,
        "model": "timetable.exam",
        "fields": {
            "room": null,
            "students": [
                80850,
                100456,
                101244,
                110536,
                111177,
                132151
            ],
            "professor": 501116,
            "faculty": 1,
            "dependencies": null,
            "timeslot": null,
            "room_type": 1,
            "name": "Introduction \u00e0 la comptabilit\u00e9"
        }
    },
    {
        "pk": 20,
        "model": "timetable.exam",
        "fields": {
            "room": null,
            "students": [
                80850,
                100456,
                101244,
                110536,
                111177,
                132151
            ],
            "professor": 501409,
            "faculty": 1,
            "dependencies": null,
            "timeslot": null,
            "room_type": 2,
            "name": "Intelligence Artificielle"
        }
    },
    {
        "pk": 21,
        "model": "timetable.exam",
        "fields": {
            "room": null,
            "students": [
                80179,
                99031,
                100410,
                110093,
                110548,
                110787,
                111011,
                121935,
                122055,
                122075,
                122174,
                122267,
                130936,
                132218
            ],
            "professor": 500724,
            "faculty": 1,
            "dependencies": null,
            "timeslot": null,
            "room_type": 2,
            "name": "Calculabilit\u00e9 & Complexit\u00e9"
        }
    },
    {
        "pk": 22,
        "model": "timetable.exam",
        "fields": {
            "room": null,
            "students": [
                80179,
                99031,
                100410,
                110093,
                110548,
                110787,
                111011,
                121935,
                122055,
                122075,
                122174,
                122267,
                130936,
                132218
            ],
            "professor": 501112,
            "faculty": 1,
            "dependencies": null,
            "timeslot": null,
            "room_type": 1,
            "name": "Management"
        }
    },
    {
        "pk": 23,
        "model": "timetable.exam",
        "fields": {
            "room": null,
            "students": [
                80179,
                99031,
                100410,
                110093,
                110548,
                110787,
                111011,
                121935,
                122055,
                122075,
                122174,
                122267,
                130936,
                132218
            ],
            "professor": 530438,
            "faculty": 1,
            "dependencies": null,
            "timeslot": null,
            "room_type": 2,
            "name": "R\u00e9seaux II"
        }
    },
    {
        "pk": 24,
        "model": "timetable.exam",
        "fields": {
            "room": null,
            "students": [
                80179,
                99031,
                100410,
                110093,
                110548,
                110787,
                111011,
                121935,
                122055,
                122075,
                122174,
                122267,
                130936,
                132218
            ],
            "professor": 500303,
            "faculty": 1,
            "dependencies": null,
            "timeslot": null,
            "room_type": 2,
            "name": "S\u00e9curit\u00e9"
        }
    },
    {
        "pk": 1,
        "model": "timetable.timetable",
        "fields": {
            "start": "2014-05-26",
            "end": "2014-06-13",
            "exams": [
                1,
                2,
                3,
                4,
                5,
                6,
                7,
                8,
                9,
                10,
                11,
                12,
                13,
                14,
                15,
                16,
                17,
                18,
                19,
                20,
                21,
                22,
                23,
                24
            ],
            "rooms": [
                1,
                2,
                3,
                4,
                5,
                6,
                7,
                8,
                9,
                10,
                11,
                12,
                13
            ]
        }
    }
]
